CLASE,ESTADO,FECHA,MES,SEMANA,TIPO,AREA,PROVEEDOR,DESCRIPCION,FORMA DE PAGO,MONEDA,TASA,MONTO ORIG,MONTO BASE USD,MONTO PAGADO,SALDO PENDIENTE,% ADMIN,HONORARIOS,COSTO TOTAL,EMPRESA,OBRA,AREA M2,ESTIMADO,LINK FACTURA,LINK COMPROBANTE
INGRESO,PAGADO,2026-02-09,2026-02,2026-S07,INGRESO,N/A,LUIS AZMOUZ,ABONO 1 (002-2026),TRANSFERENCIA BANCARIA,VES,382.63,1913150,5000,5000,0,0,0,5000,DIMAQUINAS C.A.,RANCHO FLAMBOYANT,1000,743,,
INGRESO,PAGADO,2026-02-12,2026-02,2026-S07,INGRESO,N/A,LUIS AZMOUZ,ABONO 2 (003-2026),TRANSFERENCIA BANCARIA,VES,390.29,1951450,5000,5000,0,0,0,5000,DIMAQUINAS C.A.,RANCHO FLAMBOYANT,1000,743,,
INGRESO,PAGADO,2026-02-13,2026-02,2026-S07,INGRESO,N/A,LUIS AZMOUZ,ABONO 3 (004-2026),TRANSFERENCIA BANCARIA,VES,393.22,1966100,5000,5000,0,0,0,5000,DIMAQUINAS C.A.,RANCHO FLAMBOYANT,1000,743,,
INGRESO,PAGADO,2026-02-20,2026-02,2026-S08,INGRESO,N/A,LUIS AZMOUZ,ABONO 4 (005-2026),TRANSFERENCIA BANCARIA,VES,402.33,3218640,8000,8000,0,0,0,8000,DIMAQUINAS C.A.,RANCHO FLAMBOYANT,1000,743,,
INGRESO,PAGADO,2026-02-23,2026-02,2026-S09,INGRESO,N/A,LUIS AZMOUZ,ABONO 5 (006-2026),TRANSFERENCIA BANCARIA,VES,405.35,1621400,4000,4000,0,0,0,4000,DIMAQUINAS C.A.,RANCHO FLAMBOYANT,1000,743,,
INGRESO,PAGADO,2026-02-25,2026-02,2026-S09,INGRESO,N/A,LUIS AZMOUZ,ABONO 6 (007-2026),TRANSFERENCIA BANCARIA,VES,411.09,2877630,7000,7000,0,0,0,7000,DIMAQUINAS C.A.,RANCHO FLAMBOYANT,1000,743,,
INGRESO,PAGADO,2026-02-27,2026-02,2026-S09,INGRESO,N/A,LUIS AZMOUZ,ABONO 7 (008-2026),TRANSFERENCIA BANCARIA,VES,417.36,5008320,12000,12000,0,0,0,12000,DIMAQUINAS C.A.,RANCHO FLAMBOYANT,1000,743,,
INGRESO,PAGADO,2026-03-03,2026-03,2026-S10,INGRESO,N/A,LUIS AZMOUZ,ABONO 8 (009-2026),TRANSFERENCIA BANCARIA,VES,427.93,2567580,6000,6000,0,0,0,6000,DIMAQUINAS C.A.,RANCHO FLAMBOYANT,1000,743,,
INGRESO,PAGADO,2026-03-09,2026-03,2026-S11,INGRESO,N/A,LUIS AZMOUZ,ABONO 9 (010-2026),TRANSFERENCIA BANCARIA,VES,433.17,2599020,6000,6000,0,0,0,6000,DIMAQUINAS C.A.,RANCHO FLAMBOYANT,1000,743,,
INGRESO,PAGADO,2026-03-12,2026-03,2026-S11,INGRESO,N/A,LUIS AZMOUZ,ABONO 10 (011-2026),TRANSFERENCIA BANCARIA,VES,440.97,17665258.2,40059.99999999999,40059.99999999999,0,0,0,40059.99999999999,DIMAQUINAS C.A.,RANCHO FLAMBOYANT,1000,743,,
INGRESO,PAGADO,2026-03-16,2026-03,2026-S12,INGRESO,N/A,LUIS AZMOUZ,ABONO 11 (012-2026),TRANSFERENCIA BANCARIA,VES,446.8,11170000,25000,25000,0,0,0,25000,DIMAQUINAS C.A.,RANCHO FLAMBOYANT,1000,743,,
INGRESO,PAGADO,2026-03-17,2026-03,2026-S12,INGRESO,N/A,LUIS AZMOUZ,ABONO 12 (013-2026),TRANSFERENCIA BANCARIA,VES,448.37,9505444,21200,21200,0,0,0,21200,DIMAQUINAS C.A.,RANCHO FLAMBOYANT,1000,743,,
INGRESO,PAGADO,2026-03-19,2026-03,2026-S12,INGRESO,N/A,LUIS AZMOUZ,ABONO 13 (014-2026),TRANSFERENCIA BANCARIA,VES,455.25,5463000,12000,12000,0,0,0,12000,DIMAQUINAS C.A.,RANCHO FLAMBOYANT,1000,743,,
INGRESO,PAGADO,2026-03-20,2026-03,2026-S12,INGRESO,N/A,LUIS AZMOUZ,ABONO 14 (015-2026),TRANSFERENCIA BANCARIA,VES,455.25,3305115,7260,7260,0,0,0,7260,DIMAQUINAS C.A.,RANCHO FLAMBOYANT,1000,743,,
INGRESO,PAGADO,2026-03-26,2026-03,2026-S13,INGRESO,N/A,LUIS AZMOUZ,ABONO 15 (016-2026),TRANSFERENCIA BANCARIA,VES,466.6,4666000,10000,10000,0,0,0,10000,DIMAQUINAS C.A.,RANCHO FLAMBOYANT,1000,743,,
INGRESO,PAGADO,2026-03-27,2026-03,2026-S13,INGRESO,N/A,LUIS AZMOUZ,ABONO 16 (017-2026),TRANSFERENCIA BANCARIA,VES,468.51,2342550,5000,5000,0,0,0,5000,DIMAQUINAS C.A.,RANCHO FLAMBOYANT,1000,743,,
INGRESO,PAGADO,2026-04-06,2026-04,2026-S15,INGRESO,N/A,LUIS AZMOUZ,ABONO 17 (018-2026),TRANSFERENCIA BANCARIA,VES,474.06,4740600,10000,10000,0,0,0,10000,DIMAQUINAS C.A.,RANCHO FLAMBOYANT,1000,743,,
INGRESO,PAGADO,2026-04-09,2026-04,2026-S15,INGRESO,N/A,LUIS AZMOUZ,ABONO 18 (019-2026),TRANSFERENCIA BANCARIA,VES,475.96,7139400,15000,15000,0,0,0,15000,DIMAQUINAS C.A.,RANCHO FLAMBOYANT,1000,743,,
INGRESO,PAGADO,2026-04-14,2026-04,2026-S16,INGRESO,N/A,LUIS AZMOUZ,ABONO 19 (020-2026),TRANSFERENCIA BANCARIA,VES,476.63,4766300,10000,10000,0,0,0,10000,DIMAQUINAS C.A.,RANCHO FLAMBOYANT,1000,743,,
INGRESO,PAGADO,2026-04-15,2026-04,2026-S16,INGRESO,N/A,LUIS AZMOUZ,ABONO 20 (EFECTIVO),EFECTIVO,VES,482,8328960,17280,17280,0,0,0,17280,DIMAQUINAS C.A.,RANCHO FLAMBOYANT,1000,743,,
INGRESO,PAGADO,2026-04-16,2026-04,2026-S16,INGRESO,N/A,LUIS AZMOUZ,ABONO 21 EFECTIVO,EFECTIVO,VES,482,3778880,7840,7840,0,0,0,7840,DIMAQUINAS C.A.,RANCHO FLAMBOYANT,1000,743,,
INGRESO,PAGADO,2026-04-16,2026-04,2026-S16,INGRESO,N/A,LUIS AZMOUZ,ABONO 22 (021-2026),TRANSFERENCIA BANCARIA,VES,479.78,7196700,15000,15000,0,0,0,15000,DIMAQUINAS C.A.,RANCHO FLAMBOYANT,1000,743,,
INGRESO,PAGADO,2026-04-20,2026-04,2026-S17,INGRESO,N/A,LUIS AZMOUZ,ABONO 23 (022-26),TRANSFERENCIA BANCARIA,VES,481.22,7218300,15000,15000,0,0,0,15000,DIMAQUINAS C.A.,RANCHO FLAMBOYANT,1000,743,,
INGRESO,PAGADO,2026-04-24,2026-04,2026-S17,INGRESO,N/A,LUIS AZMOUZ,ABONO 24 (023-26),TRANSFERENCIA BANCARIA,VES,483.34,7250100,15000,15000,0,0,0,15000,DIMAQUINAS C.A.,RANCHO FLAMBOYANT,1000,743,,
INGRESO,PAGADO,2026-04-30,2026-04,2026-S18,INGRESO,N/A,LUIS AZMOUZ,ABONO 25 (024-26),TRANSFERENCIA BANCARIA,VES,487.12,9742400,20000,20000,0,0,0,20000,DIMAQUINAS C.A.,RANCHO FLAMBOYANT,1000,743,,
INGRESO,PAGADO,2026-05-07,2026-05,2026-S19,INGRESO,N/A,LUIS AZMOUZ,PAGO DIRECTO,TRANSFERENCIA BANCARIA,VES,496.83,2359942.5,4750,4750,0,0,0,4750,DIMAQUINAS C.A.,RANCHO FLAMBOYANT,1000,743,,
INGRESO,PAGADO,2026-05-07,2026-05,2026-S19,INGRESO,N/A,LUIS AZMOUZ,ABONO 29(029-26),TRANSFERENCIA BANCARIA,VES,496.83,4968300,10000,10000,0,0,0,10000,DIMAQUINAS C.A.,RANCHO FLAMBOYANT,1000,743,,
INGRESO,PAGADO,2026-05-07,2026-05,2026-S19,INGRESO,N/A,LUIS AZMOUZ,ABONO 30(030-26),TRANSFERENCIA BANCARIA,VES,496.83,6955620,14000,14000,0,0,0,14000,DIMAQUINAS C.A.,RANCHO FLAMBOYANT,1000,743,,
GASTO,PAGADO,2026-02-13,2026-02,2026-S07,PERMISOLOGIA,POZO DE AGUA,JUAN LOPEZ,PERMISOLOGIA POZO DE AGUA,TRANSFERENCIA BANCARIA,USD,1,600,600,600,0,15,90,690,DIMAQUINAS C.A.,RANCHO FLAMBOYANT,1000,743,,
GASTO,PAGADO,2026-02-13,2026-02,2026-S07,CONTRATISTA,ESTRUCTURA DE MADERA,MARYEXCI OROPEZA,FUMIGACION INSPEECION MADERA Y MUROS DE PIDRA,TRANSFERENCIA BANCARIA,USD,1,1260,1260,1260,0,15,189,1449,DIMAQUINAS C.A.,RANCHO FLAMBOYANT,1000,743,,
GASTO,PAGADO,2026-02-20,2026-02,2026-S08,CONTRATISTA,ESTRUCTURA DE MADERA,MARYEXCI OROPEZA,FUMIGACION ESTRUCTURA Y MUROS DE PIEDRA,TRANSFERENCIA BANCARIA,USD,1,540,540,540,0,15,81,621,DIMAQUINAS C.A.,RANCHO FLAMBOYANT,1000,743,,
GASTO,PAGADO,2026-02-13,2026-02,2026-S07,PROYECTO,PROYECTO,CESAR GONZALEZ TOPOGRAFO,LEVANTAMIENTO NUBE DE PUNTOS,TRANSFERENCIA BANCARIA,USD,1,238.21,238.21,238.21,0,15,35.7315,273.94149999999996,DIMAQUINAS C.A.,RANCHO FLAMBOYANT,1000,743,,
GASTO,PAGADO,2026-02-13,2026-02,2026-S07,EQUIPOS,DEMOLICION,CASA INTELIGENTE,ALQUILER DE ANDAMIOS DE MARTES A VIERNES,TRANSFERENCIA BANCARIA,USD,1,192,192,192,0,15,28.799999999999997,220.79999999999998,DIMAQUINAS C.A.,RANCHO FLAMBOYANT,1000,743,,
GASTO,PAGADO,2026-02-13,2026-02,2026-S07,EQUIPOS,DEMOLICION,CASA INTELIGENTE,ALQUILER ROTOMARTILLO DOS DIAS,TRANSFERENCIA BANCARIA,USD,1,60,60,60,0,15,9,69,DIMAQUINAS C.A.,RANCHO FLAMBOYANT,1000,743,,
GASTO,PAGADO,2026-02-13,2026-02,2026-S07,TRANSPORTE,DEMOLICION,DIMAQUINAS,TRANSPORTE RETROEXCAVADORA,TRANSFERENCIA BANCARIA,USD,1,120,120,120,0,15,18,138,DIMAQUINAS C.A.,RANCHO FLAMBOYANT,1000,743,,
GASTO,PAGADO,2026-02-13,2026-02,2026-S07,TRANSPORTE,DEMOLICION,DIMAQUINAS,TRANSPORTE PERSONAL SEMANAL,TRANSFERENCIA BANCARIA,USD,1,150,150,150,0,15,22.5,172.5,DIMAQUINAS C.A.,RANCHO FLAMBOYANT,1000,743,,
GASTO,PAGADO,2026-02-13,2026-02,2026-S07,EQUIPOS,DEMOLICION,DIMAQUINAS,"LAQUILER RETROEXCAVADORA 2,5 DIAS",TRANSFERENCIA BANCARIA,USD,1,500,500,500,0,15,75,575,DIMAQUINAS C.A.,RANCHO FLAMBOYANT,1000,743,,
GASTO,PAGADO,2026-02-13,2026-02,2026-S07,MANO DE OBRA,DEMOLICION,NOMINA,NOMINA SEMANA 1,TRANSFERENCIA BANCARIA,USD,1,1944,1944,1944,0,15,291.59999999999997,2235.6,DIMAQUINAS C.A.,RANCHO FLAMBOYANT,1000,743,,
GASTO,PAGADO,2026-02-13,2026-02,2026-S07,MATERIALES,MURO CICLOPEO,DIMAQUINAS,CAMION DE ARENA FINA 8 M3,TRANSFERENCIA BANCARIA,USD,1,640,640,640,0,15,96,736,DIMAQUINAS C.A.,RANCHO FLAMBOYANT,1000,743,,
GASTO,PAGADO,2026-02-13,2026-02,2026-S07,MATERIALES,MURO CICLOPEO,DIMAQUINAS,3 PALETAS DE CEMENTO,TRANSFERENCIA BANCARIA,USD,1,1950,1950,1950,0,15,292.5,2242.5,DIMAQUINAS C.A.,RANCHO FLAMBOYANT,1000,743,,
GASTO,PAGADO,2026-02-13,2026-02,2026-S07,TRANSPORTE,DEMOLICION,LUIS GERARDO,BOTE DE ESCOMBRO 16 VIAJES,TRANSFERENCIA BANCARIA,USD,1,960,960,960,0,15,144,1104,DIMAQUINAS C.A.,RANCHO FLAMBOYANT,1000,743,,
GASTO,PAGADO,2026-02-13,2026-02,2026-S07,INSUMOS,DEMOLICION,SERVICIOS H2O,AGUA Y HIELO OBREROS,TRANSFERENCIA BANCARIA,USD,1,92.6,92.6,92.6,0,15,13.889999999999999,106.48999999999998,DIMAQUINAS C.A.,RANCHO FLAMBOYANT,1000,743,,
GASTO,PAGADO,2026-02-20,2026-02,2026-S08,CONTRATISTA,MURO CICLOPEO,MARYEXCI OROPEZA,LIMPIEZA DE MATAS EN BORDE DE MURO,TRANSFERENCIA BANCARIA,USD,1,150,150,150,0,15,22.5,172.5,DIMAQUINAS C.A.,RANCHO FLAMBOYANT,1000,743,,
GASTO,PAGADO,2026-02-20,2026-02,2026-S08,TRANSPORTE,ESTRUCTURA DE MADERA,DIMAQUINAS,TRANSPORTE DE ANDAMIOS Y PUNTALES,TRANSFERENCIA BANCARIA,USD,1,200,200,200,0,15,30,229.99999999999997,DIMAQUINAS C.A.,RANCHO FLAMBOYANT,1000,743,,
GASTO,PAGADO,2026-02-20,2026-02,2026-S08,CONTRATISTA,ESTRUCTURA DE MADERA,MARYEXCI OROPEZA,ABONO COMPRA MATERIALES ESTRUCTURA MADERA MODULO B,TRANSFERENCIA BANCARIA,USD,1,574,574,574,0,15,86.1,660.0999999999999,DIMAQUINAS C.A.,RANCHO FLAMBOYANT,1000,743,,
GASTO,PAGADO,2026-02-20,2026-02,2026-S08,MATERIALES,ESTRUCTURA DE MADERA,HERNAN TINEO,MADERAS EL BOSQUE MODULO B,TRANSFERENCIA BANCARIA,USD,1,2350,2350,2350,0,15,352.5,2702.5,DIMAQUINAS C.A.,RANCHO FLAMBOYANT,1000,743,,
GASTO,PAGADO,2026-02-20,2026-02,2026-S08,MATERIALES,DEMOLICION,CASA INTELIGENTE,COMPRA 120 PARES DE GUANTES,TRANSFERENCIA BANCARIA,USD,1,216,216,216,0,15,32.4,248.39999999999998,DIMAQUINAS C.A.,RANCHO FLAMBOYANT,1000,743,,
GASTO,PAGADO,2026-02-20,2026-02,2026-S08,EQUIPOS,ESTRUCTURA DE MADERA,CASA INTELIGENTE,ALQUILER ANDAMIOS (MARTES A VIERNES),TRANSFERENCIA BANCARIA,USD,1,192,192,192,0,15,28.799999999999997,220.79999999999998,DIMAQUINAS C.A.,RANCHO FLAMBOYANT,1000,743,,
GASTO,PAGADO,2026-02-20,2026-02,2026-S08,EQUIPOS,DEMOLICION,CASA INTELIGENTE,ALQUILER DOS ROTOMARTILLOS (2.5 DIAS),TRANSFERENCIA BANCARIA,USD,1,150,150,150,0,15,22.5,172.5,DIMAQUINAS C.A.,RANCHO FLAMBOYANT,1000,743,,
GASTO,PAGADO,2026-02-20,2026-02,2026-S08,EQUIPOS,ESTRUCTURA DE MADERA,DIMAQUINAS,ALQUILER DE PUNTALES Y ANDAMIOS ESPECIALES PARA SOPORTE DE ESTRUCTURA SEMANA,TRANSFERENCIA BANCARIA,USD,1,145,145,145,0,15,21.75,166.75,DIMAQUINAS C.A.,RANCHO FLAMBOYANT,1000,743,,
GASTO,PAGADO,2026-02-20,2026-02,2026-S08,TRANSPORTE,DEMOLICION,LUIS GERARDO,BOTE DE ESCOMBROS (7 BOTES MAS 1 VIAJE ),TRANSFERENCIA BANCARIA,USD,1,480,480,480,0,15,72,552,DIMAQUINAS C.A.,RANCHO FLAMBOYANT,1000,743,,
GASTO,PAGADO,2026-02-20,2026-02,2026-S08,MATERIALES,ESTRUCTURA DE MADERA,DIMAQUINAS,1 CAMION DE ARENA LAVADA (7 M3),TRANSFERENCIA BANCARIA,USD,1,560,560,560,0,15,84,644,DIMAQUINAS C.A.,RANCHO FLAMBOYANT,1000,743,,
GASTO,PAGADO,2026-02-20,2026-02,2026-S08,CONTRATISTA,MURO CICLOPEO,MARYEXCI OROPEZA,MANO DE OBRA CAROLINA REPARACION DE MURO CICLOPEO Y PREPARACION DE ESTRUCTURA MODULO B,TRANSFERENCIA BANCARIA,USD,1,1200,1200,1200,0,15,180,1380,DIMAQUINAS C.A.,RANCHO FLAMBOYANT,1000,743,,
GASTO,PAGADO,2026-02-20,2026-02,2026-S08,INSUMOS,DEMOLICION,LA TIENDA DEL PINTOR,SEGUETAS Y ARCOSEGUETA FACT 359 - 91584,TRANSFERENCIA BANCARIA,USD,1,34.71,34.71,34.71,0,15,5.2065,39.9165,DIMAQUINAS C.A.,RANCHO FLAMBOYANT,1000,743,,
GASTO,PAGADO,2026-02-20,2026-02,2026-S08,INSUMOS,DEMOLICION,SERVICIOS H2O,AGUA Y HIELO OBREROS (SEMANA 2),TRANSFERENCIA BANCARIA,USD,1,67.44,67.44,67.44,0,15,10.116,77.556,DIMAQUINAS C.A.,RANCHO FLAMBOYANT,1000,743,,
GASTO,PAGADO,2026-02-20,2026-02,2026-S08,MANO DE OBRA,DEMOLICION,NOMINA,NOMINA OBREROS SEMANA 2 (VER LISTADO),TRANSFERENCIA BANCARIA,USD,1,2360,2360,2360,0,15,354,2714,DIMAQUINAS C.A.,RANCHO FLAMBOYANT,1000,743,,
GASTO,PAGADO,2026-02-20,2026-02,2026-S08,EQUIPOS,DEMOLICION,DIMAQUINAS,"ALQUILER DE RETROEXCAVADORA (1,5 DIAS)",TRANSFERENCIA BANCARIA,USD,1,300,300,300,0,15,45,345,DIMAQUINAS C.A.,RANCHO FLAMBOYANT,1000,743,,
GASTO,PAGADO,2026-02-20,2026-02,2026-S08,TRANSPORTE,DEMOLICION,DIMAQUINAS,TRANSPORTE DE OBREROS SEMANAL (SEMANA 2),TRANSFERENCIA BANCARIA,USD,1,150,150,150,0,15,22.5,172.5,DIMAQUINAS C.A.,RANCHO FLAMBOYANT,1000,743,,
GASTO,PAGADO,2026-02-20,2026-02,2026-S08,INSUMOS,DEMOLICION,FARMATODO,TAPABOCAS OBREROS,TRANSFERENCIA BANCARIA,USD,1,6.02,6.02,6.02,0,15,0.9029999999999999,6.922999999999999,DIMAQUINAS C.A.,RANCHO FLAMBOYANT,1000,743,,
GASTO,PAGADO,2026-03-01,2026-03,2026-S09,CONTRATISTA,PROYECTO,GEOTECNICA MARGARITA,ESTUDIO DE SUELOS,TRANSFERENCIA BANCARIA,USD,1,4000,4000,4000,0,15,600,4600,DIMAQUINAS C.A.,RANCHO FLAMBOYANT,1000,743,,
GASTO,PAGADO,2026-03-01,2026-03,2026-S09,MANO DE OBRA,DEMOLICION,NOMINA,NOMINA OBREROS (DEL 23/02 AL 01/03),TRANSFERENCIA BANCARIA,USD,1,3610,3610,3610,0,15,541.5,4151.5,DIMAQUINAS C.A.,RANCHO FLAMBOYANT,1000,743,,
GASTO,PAGADO,2026-03-01,2026-03,2026-S09,TRANSPORTE,DEMOLICION,DIMAQUINAS,TRANSPORTE DE OBREROS SEMANAL (SEMANA 2),TRANSFERENCIA BANCARIA,USD,1,150,150,150,0,15,22.5,172.5,DIMAQUINAS C.A.,RANCHO FLAMBOYANT,1000,743,,
GASTO,PAGADO,2026-03-01,2026-03,2026-S09,EQUIPOS,DEMOLICION,DIMAQUINAS,"ALQUILER DE RETROEXCAVADORA (4,5 DIAS)",TRANSFERENCIA BANCARIA,USD,1,900,900,900,0,15,135,1035,DIMAQUINAS C.A.,RANCHO FLAMBOYANT,1000,743,,
GASTO,PAGADO,2026-03-01,2026-03,2026-S09,INSUMOS,DEMOLICION,SERVICIOS H2O,AGUA Y HIELO OBREROS (SEMANA 2),TRANSFERENCIA BANCARIA,USD,1,140,140,140,0,15,21,161,DIMAQUINAS C.A.,RANCHO FLAMBOYANT,1000,743,,
GASTO,PAGADO,2026-03-01,2026-03,2026-S09,CONTRATISTA,MURO CICLOPEO,MARYEXCI OROPEZA,MANO DE OBRA CAROLINA REPARACION DE MURO CICLOPEO Y PREPARACION DE ESTRUCTURA MODULO B (ABONO) VER PRESUPUESTO,TRANSFERENCIA BANCARIA,USD,1,1500,1500,1500,0,15,225,1724.9999999999998,DIMAQUINAS C.A.,RANCHO FLAMBOYANT,1000,743,,
GASTO,PAGADO,2026-03-01,2026-03,2026-S09,EQUIPOS,ESTRUCTURA DE MADERA,DIMAQUINAS,ALQUILER DE PUNTALES Y ANDAMIOS ESPECIALES PARA SOPORTE DE ESTRUCTURA SEMANA,TRANSFERENCIA BANCARIA,USD,1,170,170,170,0,15,25.5,195.49999999999997,DIMAQUINAS C.A.,RANCHO FLAMBOYANT,1000,743,,
GASTO,PAGADO,2026-03-01,2026-03,2026-S09,EQUIPOS,ESTRUCTURA DE MADERA,CASA INTELIGENTE,ALQUILER DE ANDAMIOS ( 5 DIAS),TRANSFERENCIA BANCARIA,USD,1,192,192,192,0,15,28.799999999999997,220.79999999999998,DIMAQUINAS C.A.,RANCHO FLAMBOYANT,1000,743,,
GASTO,PAGADO,2026-03-01,2026-03,2026-S09,EQUIPOS,DEMOLICION,CASA INTELIGENTE,ALQUILER DE ROTOMARTILLOS SEMANAL,TRANSFERENCIA BANCARIA,USD,1,270,270,270,0,15,40.5,310.5,DIMAQUINAS C.A.,RANCHO FLAMBOYANT,1000,743,,
GASTO,PAGADO,2026-03-01,2026-03,2026-S09,TRANSPORTE,DEMOLICION,DIMAQUINAS,ALQUILER DE CAMION AMARILLO SEMANAL (TRANSPORTE DE MATERIALES),TRANSFERENCIA BANCARIA,USD,1,200,200,200,0,15,30,229.99999999999997,DIMAQUINAS C.A.,RANCHO FLAMBOYANT,1000,743,,
GASTO,PAGADO,2026-03-01,2026-03,2026-S09,MATERIALES,ESTRUCTURA DE MADERA,LA TIENDA DEL PINTOR,COMPRA DE 6 ROLLOS DE ALAMBRE MAS 600GR FIBRA/CONCR,TRANSFERENCIA BANCARIA,USD,1,62,62,62,0,15,9.299999999999999,71.3,DIMAQUINAS C.A.,RANCHO FLAMBOYANT,1000,743,,
GASTO,PAGADO,2026-03-01,2026-03,2026-S09,MATERIALES,ESTRUCTURA DE MADERA,INVERSIONES SORIMARA,COMPRA DE CABILLAS 15 DE 1/2 + 30 DE 3/8,TRANSFERENCIA BANCARIA,USD,1,494.13,494.13,494.13,0,15,74.1195,568.2494999999999,DIMAQUINAS C.A.,RANCHO FLAMBOYANT,1000,743,,
GASTO,PAGADO,2026-03-01,2026-03,2026-S09,MATERIALES,MURO CICLOPEO,AV. INGENIERIA,"2 SACOS DE HIDRACEL, 19 LITROS DE PLASTI-AV (RINDE PARA 50 SACOS DE CEMENTO, 5 M3 DE MORTERO)",TRANSFERENCIA BANCARIA,USD,1,445,445,445,0,15,66.75,511.74999999999994,DIMAQUINAS C.A.,RANCHO FLAMBOYANT,1000,743,,
GASTO,PAGADO,2026-03-01,2026-03,2026-S09,MATERIALES,DEMOLICION,LUIS GERARDO,"3 VIAJES DE BOTE DE ESCOMBROS, MAS 1 VIAJE DE PIEDRA BRUTA",TRANSFERENCIA BANCARIA,USD,1,280,280,280,0,15,42,322,DIMAQUINAS C.A.,RANCHO FLAMBOYANT,1000,743,,
GASTO,PAGADO,2026-03-06,2026-03,2026-S10,MATERIALES,ESTRUCTURA DE MADERA,DIMAQUINAS,PIEDRA PICADA N°1 (1 CAMION DE PIEDRA DE 7 M3),TRANSFERENCIA BANCARIA,USD,1,273,273,273,0,15,40.949999999999996,313.95,DIMAQUINAS C.A.,RANCHO FLAMBOYANT,1000,743,,
GASTO,PAGADO,2026-03-06,2026-03,2026-S10,MATERIALES,MURO CICLOPEO,CONSTRUCTORA LOS FERNANDEZ,COMPRA DE TRES CAMIONES DE PIEDRA BRUTA EN PLANTA (21 M3 DE PIEDRA),TRANSFERENCIA BANCARIA,USD,1,735,735,735,0,15,110.25,845.2499999999999,DIMAQUINAS C.A.,RANCHO FLAMBOYANT,1000,743,,
GASTO,PAGADO,2026-03-06,2026-03,2026-S10,MATERIALES,ESTRUCTURA DE MADERA,AV. INGENIERIA,8 GALONES DE INHIBIDOR DE OXIDO,TRANSFERENCIA BANCARIA,USD,1,536,536,536,0,15,80.39999999999999,616.4,DIMAQUINAS C.A.,RANCHO FLAMBOYANT,1000,743,,
GASTO,PAGADO,2026-03-06,2026-03,2026-S10,MATERIALES,DEMOLICION,LUIS GERARDO,"12 VIAJES DE BOTE DE ESCOMBROS, MAS 1 VIAJE DE PIEDRA BRUTA (DE LA SEMANA ANTERIOR QUE NO SE RELACIONARON)",TRANSFERENCIA BANCARIA,USD,1,820,820,820,0,15,123,942.9999999999999,DIMAQUINAS C.A.,RANCHO FLAMBOYANT,1000,743,,
GASTO,PAGADO,2026-03-06,2026-03,2026-S10,MATERIALES,PLOMERIA,EL TROMPO,"ABRAZADERA, LLAVE DE MANGUERA, CODO, TEFLON, NIPLE ( FACTURA 87329), ADAPTACION EN TANQUE DE AGUA EXISTENTE",TRANSFERENCIA BANCARIA,USD,1,145.94,145.94,145.94,0,15,21.891,167.831,DIMAQUINAS C.A.,RANCHO FLAMBOYANT,1000,743,,
GASTO,PAGADO,2026-03-06,2026-03,2026-S10,MATERIALES,MURO CICLOPEO,DIMAQUINAS,24 SACOS DE CEMENTO,TRANSFERENCIA BANCARIA,USD,1,312,312,312,0,15,46.8,358.79999999999995,DIMAQUINAS C.A.,RANCHO FLAMBOYANT,1000,743,,
GASTO,PAGADO,2026-03-06,2026-03,2026-S10,MATERIALES,ESTRUCTURA,DIMAQUINAS,"1 CAMION DE PIEDRA PICADA N°1, 10 M3",TRANSFERENCIA BANCARIA,USD,1,390,390,390,0,15,58.5,448.49999999999994,DIMAQUINAS C.A.,RANCHO FLAMBOYANT,1000,743,,
GASTO,PAGADO,2026-03-06,2026-03,2026-S10,MATERIALES,ESTRUCTURA,ANDREA ALIENDREZ,"CEMENTO PLASTICO, UN CUÑETE, CEPILLO, MANGUERA",TRANSFERENCIA BANCARIA,USD,1,25,25,25,0,15,3.75,28.749999999999996,DIMAQUINAS C.A.,RANCHO FLAMBOYANT,1000,743,,
GASTO,PAGADO,2026-03-06,2026-03,2026-S10,MATERIALES,ALBAÑILERIA,ANDREA ALIENDREZ,COMPRA DE 1000 BLOQUES DE CEMENTO,TRANSFERENCIA BANCARIA,USD,1,700,700,700,0,15,105,804.9999999999999,DIMAQUINAS C.A.,RANCHO FLAMBOYANT,1000,743,,
GASTO,PAGADO,2026-03-06,2026-03,2026-S10,INSUMOS,DEMOLICION,FARMATODO,COMPRA DE TAPABOCAS,TRANSFERENCIA BANCARIA,USD,1,24,24,24,0,15,3.5999999999999996,27.599999999999998,DIMAQUINAS C.A.,RANCHO FLAMBOYANT,1000,743,,
GASTO,PAGADO,2026-03-06,2026-03,2026-S10,INSUMOS,DEMOLICION,NEOMAR CARDENAS,COMPRA DE BOTAS JONAS,TRANSFERENCIA BANCARIA,USD,1,25.99,25.99,25.99,0,15,3.8984999999999994,29.888499999999997,DIMAQUINAS C.A.,RANCHO FLAMBOYANT,1000,743,,
GASTO,PAGADO,2026-03-06,2026-03,2026-S10,MATERIALES,DEMOLICION,FERRETERIA EL PISO,BURBUJAS PLASTIC FACT 25544 (PLASTICO PARA GUARDAR ARTICULOS DE VIDRIO),TRANSFERENCIA BANCARIA,USD,1,37.5,37.5,37.5,0,15,5.625,43.125,DIMAQUINAS C.A.,RANCHO FLAMBOYANT,1000,743,,
GASTO,PAGADO,2026-03-06,2026-03,2026-S10,PROYECTO,POZO DE AGUA,ECOSOCIALISMO,PAGO PLANILLA DE IMPUESTOS MINISTERIO DEL AMBIENTE POR PERMISO DE POZO (5 PETROS),TRANSFERENCIA BANCARIA,USD,1,346.51,346.51,346.51,0,15,51.976499999999994,398.4865,DIMAQUINAS C.A.,RANCHO FLAMBOYANT,1000,743,,
GASTO,PAGADO,2026-03-06,2026-03,2026-S10,MATERIALES,ESTRUCTURA,DIMAQUINAS,1 CAMION DE ARENA LAVADA DE 10 M3,TRANSFERENCIA BANCARIA,USD,1,800,800,800,0,15,120,919.9999999999999,DIMAQUINAS C.A.,RANCHO FLAMBOYANT,1000,743,,
GASTO,PAGADO,2026-03-06,2026-03,2026-S10,MATERIALES,ALBAÑILERIA,DIMAQUINAS,1 CAMION DE ARENA GRUESA DE 8 M3,TRANSFERENCIA BANCARIA,USD,1,216,216,216,0,15,32.4,248.39999999999998,DIMAQUINAS C.A.,RANCHO FLAMBOYANT,1000,743,,
GASTO,PAGADO,2026-03-06,2026-03,2026-S10,MANO DE OBRA,DEMOLICION,NOMINA,NOMINA OBREROS (DEL 23/02 AL 01/03),TRANSFERENCIA BANCARIA,USD,1,3240,3240,3240,0,15,486,3725.9999999999995,DIMAQUINAS C.A.,RANCHO FLAMBOYANT,1000,743,,
GASTO,PAGADO,2026-03-06,2026-03,2026-S10,TRANSPORTE,DEMOLICION,DIMAQUINAS,TRANSPORTE DE OBREROS SEMANAL (SEMANA 2),TRANSFERENCIA BANCARIA,USD,1,200,200,200,0,15,30,229.99999999999997,DIMAQUINAS C.A.,RANCHO FLAMBOYANT,1000,743,,
GASTO,PAGADO,2026-03-06,2026-03,2026-S10,EQUIPOS,DEMOLICION,DIMAQUINAS,"ALQUILER DE RETROEXCAVADORA (4,5 DIAS)",TRANSFERENCIA BANCARIA,USD,1,900,900,900,0,15,135,1035,DIMAQUINAS C.A.,RANCHO FLAMBOYANT,1000,743,,
GASTO,PAGADO,2026-03-06,2026-03,2026-S10,INSUMOS,ESTRUCTURA DE MADERA,BERNARDO CUERVO,1 CAMION DE AGUA,TRANSFERENCIA BANCARIA,USD,1,30,30,30,0,15,4.5,34.5,DIMAQUINAS C.A.,RANCHO FLAMBOYANT,1000,743,,
GASTO,PAGADO,2026-03-06,2026-03,2026-S10,INSUMOS,DEMOLICION,SERVICIOS H2O,AGUA Y HIELO OBREROS (SEMANA 2),TRANSFERENCIA BANCARIA,USD,1,136.4,136.4,136.4,0,15,20.46,156.85999999999999,DIMAQUINAS C.A.,RANCHO FLAMBOYANT,1000,743,,
GASTO,PAGADO,2026-03-06,2026-03,2026-S10,CONTRATISTA,MURO CICLOPEO,MARYEXCI OROPEZA,MANO DE OBRA CAROLINA REPARACION DE MURO CICLOPEO Y PREPARACION DE ESTRUCTURA MODULO B (ABONO) VER PRESUPUESTO,TRANSFERENCIA BANCARIA,USD,1,2000,2000,2000,0,15,300,2300,DIMAQUINAS C.A.,RANCHO FLAMBOYANT,1000,743,,
GASTO,PAGADO,2026-03-06,2026-03,2026-S10,EQUIPOS,ESTRUCTURA DE MADERA,DIMAQUINAS,ALQUILER DE PUNTALES Y ANDAMIOS ESPECIALES PARA SOPORTE DE ESTRUCTURA SEMANA,TRANSFERENCIA BANCARIA,USD,1,500,500,500,0,15,75,575,DIMAQUINAS C.A.,RANCHO FLAMBOYANT,1000,743,,
GASTO,PAGADO,2026-03-06,2026-03,2026-S10,EQUIPOS,DEMOLICION,CASA INTELIGENTE,ALQUILER DE ANDAMIOS ( 5 DIAS),TRANSFERENCIA BANCARIA,USD,1,192,192,192,0,15,28.799999999999997,220.79999999999998,DIMAQUINAS C.A.,RANCHO FLAMBOYANT,1000,743,,
GASTO,PAGADO,2026-03-06,2026-03,2026-S10,EQUIPOS,DEMOLICION,CASA INTELIGENTE,ALQUILER DE ROTOMARTILLOS SEMANAL,TRANSFERENCIA BANCARIA,USD,1,270,270,270,0,15,40.5,310.5,DIMAQUINAS C.A.,RANCHO FLAMBOYANT,1000,743,,
GASTO,PAGADO,2026-03-06,2026-03,2026-S10,INSUMOS,DEMOLICION,CASA INTELIGENTE,60 GUANTES DE PUNTOS,TRANSFERENCIA BANCARIA,USD,1,108,108,108,0,15,16.2,124.19999999999999,DIMAQUINAS C.A.,RANCHO FLAMBOYANT,1000,743,,
GASTO,PAGADO,2026-03-06,2026-03,2026-S10,MATERIALES,DEMOLICION,LUIS GERARDO,12 VIAJES DE BOTE DE ESCOMBROS (ESTIMADOS ESTA SEMANA)+ DOS VIAJES DE PIEDRA BRUTA,TRANSFERENCIA BANCARIA,USD,1,680,680,680,0,15,102,781.9999999999999,DIMAQUINAS C.A.,RANCHO FLAMBOYANT,1000,743,,
GASTO,PAGADO,2026-03-06,2026-03,2026-S10,MATERIALES,MURO CICLOPEO,DIMAQUINAS,30 SACOS DE CEMENTO,TRANSFERENCIA BANCARIA,USD,1,390,390,390,0,15,58.5,448.49999999999994,DIMAQUINAS C.A.,RANCHO FLAMBOYANT,1000,743,,
GASTO,PAGADO,2026-03-06,2026-03,2026-S10,MATERIALES,ESTRUCTURA DE MADERA,AV. INGENIERIA,8 GALONES DE INHIBIDOR DE OXIDO,TRANSFERENCIA BANCARIA,USD,1,536,536,536,0,15,80.39999999999999,616.4,DIMAQUINAS C.A.,RANCHO FLAMBOYANT,1000,743,,
GASTO,PAGADO,2026-03-06,2026-03,2026-S10,PROYECTO,POZO DE AGUA,ECOSOCIALISMO,DEPOSITO EN GARANTIAS PARA POZO DE AGUA (SEGUNDO IMPUESTO),TRANSFERENCIA BANCARIA,USD,1,194.87,194.87,194.87,0,15,29.2305,224.10049999999998,DIMAQUINAS C.A.,RANCHO FLAMBOYANT,1000,743,,
GASTO,PAGADO,2026-03-06,2026-03,2026-S10,PROYECTO,PROYECTO,ALCALDIA DE ANTOLIN,IMPUESTOS CATASTRO PERMISOLOGIA PROYECTO,TRANSFERENCIA BANCARIA,USD,1,40.98,40.98,40.98,0,15,6.146999999999999,47.126999999999995,DIMAQUINAS C.A.,RANCHO FLAMBOYANT,1000,743,,
GASTO,PAGADO,2026-03-06,2026-03,2026-S10,MATERIALES,ELECTRICIDAD,DISTUPECA,"MATERIAL ELECTRICO,TUBERIAS, CAJETINES, COTIZACION 04215",TRANSFERENCIA BANCARIA,USD,1,1666.9,1666.9,1666.9,0,15,250.035,1916.935,DIMAQUINAS C.A.,RANCHO FLAMBOYANT,1000,743,,
GASTO,PAGADO,2026-03-06,2026-03,2026-S10,MATERIALES,PLOMERIA,DISTUPECA,"TUBERIAS DE AGUAS NEGRAS Y AGUAS BLANCAS, CONEXIONES, ETC, VER COTIZACION 04213",TRANSFERENCIA BANCARIA,USD,1,2794,2794,2794,0,15,419.09999999999997,3213.1,DIMAQUINAS C.A.,RANCHO FLAMBOYANT,1000,743,,
GASTO,PAGADO,2026-03-06,2026-03,2026-S10,MATERIALES,MURO CICLOPEO,CONSTRUCTORA LOS FERNANDEZ,CAMION DE 7 M3 DE PÍEDRA BRUTA,TRANSFERENCIA BANCARIA,USD,1,245,245,245,0,15,36.75,281.75,DIMAQUINAS C.A.,RANCHO FLAMBOYANT,1000,743,,
GASTO,PAGADO,2026-03-06,2026-03,2026-S10,MATERIALES,ESTRUCTURA,AV. INGENIERIA,COMPRA DE DOS SACOS DE 25 KILOS DE ADITIVO HIDROCEL,TRANSFERENCIA BANCARIA,USD,1,160,160,160,0,15,24,184,DIMAQUINAS C.A.,RANCHO FLAMBOYANT,1000,743,,
GASTO,PAGADO,2026-03-06,2026-03,2026-S10,MATERIALES,PISCINA,FRANCISCO PISCINAS,ANTICIPO TRABAJO PISCINA,TRANSFERENCIA BANCARIA,USD,1,1200,1200,1200,0,15,180,1380,DIMAQUINAS C.A.,RANCHO FLAMBOYANT,1000,743,,
GASTO,PAGADO,2026-03-06,2026-03,2026-S10,MATERIALES,ESTRUCTURA,BERNARDO CUERVO,4 CAMION DE AGUA 10000 LTS,TRANSFERENCIA BANCARIA,USD,1,100,100,100,0,15,15,114.99999999999999,DIMAQUINAS C.A.,RANCHO FLAMBOYANT,1000,743,,
GASTO,PAGADO,2026-03-06,2026-03,2026-S10,MATERIALES,ESTRUCTURA,PR DE LAS ANTILLAS,"FORMULA MARINA MAS CLAVOS, CANDADOS",TRANSFERENCIA BANCARIA,USD,1,128.6,128.6,128.6,0,15,19.29,147.89,DIMAQUINAS C.A.,RANCHO FLAMBOYANT,1000,743,,
GASTO,PAGADO,2026-03-06,2026-03,2026-S10,MATERIALES,ESTRUCTURA,DIMAQUINAS,CEMENTO EN SACOS (191 SACOS),TRANSFERENCIA BANCARIA,USD,1,2483,2483,2483,0,15,372.45,2855.45,DIMAQUINAS C.A.,RANCHO FLAMBOYANT,1000,743,,
GASTO,PAGADO,2026-03-06,2026-03,2026-S10,MATERIALES,ESTRUCTURA,FERREMATERIALES EXPRESS,"100 DE CABILLAS DE 1/2 ,  100 CABILLAS DE 9 MM",TRANSFERENCIA BANCARIA,USD,1,3300,3300,3300,0,15,495,3794.9999999999995,DIMAQUINAS C.A.,RANCHO FLAMBOYANT,1000,743,,
GASTO,PAGADO,2026-03-06,2026-03,2026-S10,MATERIALES,ALBAÑILERIA,FERREMATERIALES EXPRESS,"20 ROLLOS DE MANTO, 2 ROLLOS DE MALLA TRUCSON",TRANSFERENCIA BANCARIA,USD,1,1560,1560,1560,0,15,234,1793.9999999999998,DIMAQUINAS C.A.,RANCHO FLAMBOYANT,1000,743,,
GASTO,PAGADO,2026-03-06,2026-03,2026-S10,MATERIALES,ESTRUCTURA DE MADERA,HERNAN TINEO,"19 HORCONOES,  CAÑA BRAVA (MADERA PARA ESTRUCURA DE MODULO A)",TRANSFERENCIA BANCARIA,USD,1,8913.92,8913.92,8913.92,0,15,1337.088,10251.008,DIMAQUINAS C.A.,RANCHO FLAMBOYANT,1000,743,,
GASTO,PAGADO,2026-03-06,2026-03,2026-S10,CONTRATISTA,MURO CICLOPEO,MARYEXCI OROPEZA,PAGO MURO DE CONTENCION MANO DE OBRA CAROLINA (PAGO FINAL),TRANSFERENCIA BANCARIA,USD,1,4000,4000,4000,0,15,600,4600,DIMAQUINAS C.A.,RANCHO FLAMBOYANT,1000,743,,
GASTO,PAGADO,2026-03-06,2026-03,2026-S10,PROYECTO,PROYECTO,GEOTECNICA MARGARITA,DIF ESTUDIOS DE SUELOS,TRANSFERENCIA BANCARIA,USD,1,765,765,765,0,15,114.75,879.7499999999999,DIMAQUINAS C.A.,RANCHO FLAMBOYANT,1000,743,,
GASTO,PAGADO,2026-03-06,2026-03,2026-S10,MANO DE OBRA,ALBAÑILERIA,NOMINA,NOMINA OBREROS,TRANSFERENCIA BANCARIA,USD,1,3872,3872,3872,0,15,580.8,4452.799999999999,DIMAQUINAS C.A.,RANCHO FLAMBOYANT,1000,743,,
GASTO,PAGADO,2026-03-06,2026-03,2026-S10,MATERIALES,ESTRUCTURA,DIMAQUINAS,1 CAMION DE ARENA LAVADA DE MATURIN (10 M3),TRANSFERENCIA BANCARIA,USD,1,800,800,800,0,15,120,919.9999999999999,DIMAQUINAS C.A.,RANCHO FLAMBOYANT,1000,743,,
GASTO,PAGADO,2026-03-06,2026-03,2026-S10,MATERIALES,ALBAÑILERIA,DIMAQUINAS,1 CAMION DE ARENA GRUESA (10 M3),TRANSFERENCIA BANCARIA,USD,1,270,270,270,0,15,40.5,310.5,DIMAQUINAS C.A.,RANCHO FLAMBOYANT,1000,743,,
GASTO,PAGADO,2026-03-06,2026-03,2026-S10,EQUIPOS,ESTRUCTURA,CASA INTELIGENTE,ALQUILER DE MAQUINARIAS ROTOMARTILLO (1),TRANSFERENCIA BANCARIA,USD,1,150,150,150,0,15,22.5,172.5,DIMAQUINAS C.A.,RANCHO FLAMBOYANT,1000,743,,
GASTO,PAGADO,2026-03-06,2026-03,2026-S10,EQUIPOS,ESTRUCTURA,DIMAQUINAS,ALQUILER DE ANDAMIOS ESTRUCTURALES Y PUNTALES,TRANSFERENCIA BANCARIA,USD,1,210,210,210,0,15,31.5,241.49999999999997,DIMAQUINAS C.A.,RANCHO FLAMBOYANT,1000,743,,
GASTO,PAGADO,2026-03-06,2026-03,2026-S10,EQUIPOS,ESTRUCTURA,DIMAQUINAS,ALQUILER DE CAMION AMARILLO,TRANSFERENCIA BANCARIA,USD,1,200,200,200,0,15,30,229.99999999999997,DIMAQUINAS C.A.,RANCHO FLAMBOYANT,1000,743,,
GASTO,PAGADO,2026-03-06,2026-03,2026-S10,EQUIPOS,DEMOLICION,DIMAQUINAS,ALQUILER DE RETROEXCAVADORA (4.5 DIAS),TRANSFERENCIA BANCARIA,USD,1,900,900,900,0,15,135,1035,DIMAQUINAS C.A.,RANCHO FLAMBOYANT,1000,743,,
GASTO,PAGADO,2026-03-06,2026-03,2026-S10,TRANSPORTE,DEMOLICION,LUIS GERARDO,"18 VIAJES DE ESCOMBROS, MAS UN VIAJE DE PIEDRA BRUTA",TRANSFERENCIA BANCARIA,USD,1,820,820,820,0,15,123,942.9999999999999,DIMAQUINAS C.A.,RANCHO FLAMBOYANT,1000,743,,
GASTO,PAGADO,2026-03-06,2026-03,2026-S10,MATERIALES,ESTRUCTURA,ACROPOLIS,"10 ROLLOS DE ALAMBRE, VER FACTURA",TRANSFERENCIA BANCARIA,USD,1,92,92,92,0,15,13.799999999999999,105.8,DIMAQUINAS C.A.,RANCHO FLAMBOYANT,1000,743,,
GASTO,PAGADO,2026-03-06,2026-03,2026-S10,MATERIALES,ESTRUCTURA,DIMAQUINAS,6 BIDONES DE INHIBIDOR DE OXIDO (96 LITROS),TRANSFERENCIA BANCARIA,USD,1,1680,1680,1680,0,15,252,1931.9999999999998,DIMAQUINAS C.A.,RANCHO FLAMBOYANT,1000,743,,
GASTO,PAGADO,2026-03-06,2026-03,2026-S10,TRANSPORTE,ESTRUCTURA,FRAMIR,"3 VIAJES, DOS DE ARENA Y UNO DE PIEDRA",TRANSFERENCIA BANCARIA,USD,1,180,180,180,0,15,27,206.99999999999997,DIMAQUINAS C.A.,RANCHO FLAMBOYANT,1000,743,,
GASTO,PAGADO,2026-03-20,2026-03,2026-S12,MANO DE OBRA,ESTRUCTURA,NOMINA,NOMINA OBREROS,TRANSFERENCIA BANCARIA,USD,1,4031,4031,4031,0,15,604.65,4635.65,DIMAQUINAS C.A.,RANCHO FLAMBOYANT,1000,743,,
GASTO,PAGADO,2026-03-20,2026-03,2026-S12,MATERIALES,MURO CICLOPEO,DIMAQUINAS,82 SACOS DE CEMENTO GRIS,TRANSFERENCIA BANCARIA,USD,1,984,984,984,0,15,147.6,1131.6,DIMAQUINAS C.A.,RANCHO FLAMBOYANT,1000,743,,
GASTO,PAGADO,2026-03-20,2026-03,2026-S12,CONTRATISTA,ESTRUCTURA DE MADERA,MARYEXCI OROPEZA,PAGO ABONO ESTRUCTURA MODULO A Y B,TRANSFERENCIA BANCARIA,USD,1,4000,4000,4000,0,15,600,4600,DIMAQUINAS C.A.,RANCHO FLAMBOYANT,1000,743,,
GASTO,PAGADO,2026-03-20,2026-03,2026-S12,CONTRATISTA,ELECTRICIDAD,BERNARDO CUERVO,"PAGO TRABAJOS MANO DE OBRA, ELECTRICIDAD Y AGUAS BLANCAS MODULO B",TRANSFERENCIA BANCARIA,USD,1,350,350,350,0,15,52.5,402.49999999999994,DIMAQUINAS C.A.,RANCHO FLAMBOYANT,1000,743,,
GASTO,PAGADO,2026-03-20,2026-03,2026-S12,INSUMOS,ESTRUCTURA,SANTO CONSTRUCTORA MGTA,VIAJES  DE AGUA DEL PARAL,TRANSFERENCIA BANCARIA,USD,1,30,30,30,0,15,4.5,34.5,DIMAQUINAS C.A.,RANCHO FLAMBOYANT,1000,743,,
GASTO,PAGADO,2026-03-20,2026-03,2026-S12,TRANSPORTE,ESTRUCTURA,LUIS GERARDO,BOTE DE ESCOMBROS (12 VIAJES)+4 VIAJES,TRANSFERENCIA BANCARIA,USD,1,680,680,680,0,15,102,781.9999999999999,DIMAQUINAS C.A.,RANCHO FLAMBOYANT,1000,743,,
GASTO,PAGADO,2026-03-20,2026-03,2026-S12,INSUMOS,ESTRUCTURA,SERVICIOS H2O,AGUA Y HIELO OBREROS,TRANSFERENCIA BANCARIA,USD,1,161,161,161,0,15,24.15,185.14999999999998,DIMAQUINAS C.A.,RANCHO FLAMBOYANT,1000,743,,
GASTO,PAGADO,2026-03-20,2026-03,2026-S12,EQUIPOS,ESTRUCTURA,CASA INTELIGENTE,ALQUILER DE ANDAMIOS,TRANSFERENCIA BANCARIA,USD,1,190,190,190,0,15,28.5,218.49999999999997,DIMAQUINAS C.A.,RANCHO FLAMBOYANT,1000,743,,
GASTO,PAGADO,2026-03-20,2026-03,2026-S12,EQUIPOS,DEMOLICION,CASA INTELIGENTE,ALQUILER DE ROTOMARTILLOS,TRANSFERENCIA BANCARIA,USD,1,150,150,150,0,15,22.5,172.5,DIMAQUINAS C.A.,RANCHO FLAMBOYANT,1000,743,,
GASTO,PAGADO,2026-03-20,2026-03,2026-S12,MATERIALES,ALBAÑILERIA,FERREBLOCK,"COMPRA DE  500 BLOQUES GRIS DE 10 CM, FACT. 354",TRANSFERENCIA BANCARIA,USD,1,300,300,300,0,15,45,345,DIMAQUINAS C.A.,RANCHO FLAMBOYANT,1000,743,,
GASTO,PAGADO,2026-03-20,2026-03,2026-S12,MATERIALES,ESTRUCTURA,PREMEZCLADOS MANZANILLO,"PAGO DE 40 M3 DE CONCRETO 250 CON BOMBA, RESISTENCIA 250 KG/CM2",TRANSFERENCIA BANCARIA,USD,1,10600,10600,10600,0,15,1590,12189.999999999998,DIMAQUINAS C.A.,RANCHO FLAMBOYANT,1000,743,,
GASTO,PAGADO,2026-03-20,2026-03,2026-S12,MATERIALES,ESTRUCTURA,FERREMATERIALES EXPRESS,COMPRA DE 300 CABILLAS DE 9 MM,TRANSFERENCIA BANCARIA,USD,1,4500,4500,4500,0,15,675,5175,DIMAQUINAS C.A.,RANCHO FLAMBOYANT,1000,743,,
GASTO,PAGADO,2026-03-20,2026-03,2026-S12,MATERIALES,ESTRUCTURA,DANIEL VALDERRAMA,COMPRA DE 6 PALETAS DE CEMENTO A GRANEL,TRANSFERENCIA BANCARIA,USD,1,3456,3456,3456,0,15,518.4,3974.3999999999996,DIMAQUINAS C.A.,RANCHO FLAMBOYANT,1000,743,,
GASTO,PAGADO,2026-03-20,2026-03,2026-S12,MATERIALES,ESTRUCTURA,PREMEZCLADOS MANZANILLO,COMPRA DE 80 M3 DE CONCRETO 250 KG/ CM2 CON BOMBA,TRANSFERENCIA BANCARIA,USD,1,21200,21200,21200,0,15,3180,24379.999999999996,DIMAQUINAS C.A.,RANCHO FLAMBOYANT,1000,743,,
GASTO,PAGADO,2026-03-20,2026-03,2026-S12,PROYECTO,POZO DE AGUA,JUAN LOPEZ,PERMISO POZOS (PAGO FINAL),TRANSFERENCIA BANCARIA,USD,1,600,600,600,0,15,90,690,DIMAQUINAS C.A.,RANCHO FLAMBOYANT,1000,743,,
GASTO,PAGADO,2026-03-20,2026-03,2026-S12,CONTRATISTA,INTERNET,MISAEL REYES,REPARARACION CABLE DE INTERNET OBRA,TRANSFERENCIA BANCARIA,USD,1,70,70,70,0,15,10.5,80.5,DIMAQUINAS C.A.,RANCHO FLAMBOYANT,1000,743,,
GASTO,PAGADO,2026-03-20,2026-03,2026-S12,MATERIALES,ESTRUCTURA,PLACACENTRO,COMPRA DE LAMINA DE PLAYCEN  (ENCOFRADO CANAL DEL BUNKER-MODULO E),TRANSFERENCIA BANCARIA,USD,1,66.35,66.35,66.35,0,15,9.952499999999999,76.30249999999998,DIMAQUINAS C.A.,RANCHO FLAMBOYANT,1000,743,,
GASTO,PAGADO,2026-03-20,2026-03,2026-S12,MATERIALES,ALBAÑILERIA,FERREBLOCK,1000 BLOQUES GRIS # 10,TRANSFERENCIA BANCARIA,USD,1,600,600,600,0,15,90,690,DIMAQUINAS C.A.,RANCHO FLAMBOYANT,1000,743,,
GASTO,PAGADO,2026-03-20,2026-03,2026-S12,EQUIPOS,ESTRUCTURA,DIMAQUINAS,ALQUILER DE ANDAMIOS ESTRUCTURALES Y PUNTALES,TRANSFERENCIA BANCARIA,USD,1,210,210,210,0,15,31.5,241.49999999999997,DIMAQUINAS C.A.,RANCHO FLAMBOYANT,1000,743,,
GASTO,PAGADO,2026-03-20,2026-03,2026-S12,EQUIPOS,ESTRUCTURA,DIMAQUINAS,ALQUILER DE CAMION AMARILLO (TRANSPORTE DE OBREROS Y DE MATERIALES),TRANSFERENCIA BANCARIA,USD,1,200,200,200,0,15,30,229.99999999999997,DIMAQUINAS C.A.,RANCHO FLAMBOYANT,1000,743,,
GASTO,PAGADO,2026-03-20,2026-03,2026-S12,EQUIPOS,ESTRUCTURA,DIMAQUINAS,ALQUILER DE RETROEXCAVADORA (3.5 DIAS),TRANSFERENCIA BANCARIA,USD,1,700,700,700,0,15,105,804.9999999999999,DIMAQUINAS C.A.,RANCHO FLAMBOYANT,1000,743,,
GASTO,PAGADO,2026-03-20,2026-03,2026-S12,EQUIPOS,ESTRUCTURA,DIMAQUINAS,"ALQUILER DE FIORI (VACIADO 7 M3 DE CONCRETO,(MIERCOLES Y JUEVES)",TRANSFERENCIA BANCARIA,USD,1,210,210,210,0,15,31.5,241.49999999999997,DIMAQUINAS C.A.,RANCHO FLAMBOYANT,1000,743,,
GASTO,PAGADO,2026-03-20,2026-03,2026-S12,MATERIALES,ESTRUCTURA,DIMAQUINAS,ARENA LAVADA DE MATURIN 10 MTS,TRANSFERENCIA BANCARIA,USD,1,800,800,800,0,15,120,919.9999999999999,DIMAQUINAS C.A.,RANCHO FLAMBOYANT,1000,743,,
GASTO,PAGADO,2026-03-20,2026-03,2026-S12,MATERIALES,ALBAÑILERIA,DIMAQUINAS,ARENA FINA 10 M3,TRANSFERENCIA BANCARIA,USD,1,410,410,410,0,15,61.5,471.49999999999994,DIMAQUINAS C.A.,RANCHO FLAMBOYANT,1000,743,,
GASTO,PAGADO,2026-03-20,2026-03,2026-S12,MATERIALES,ESTRUCTURA,DIMAQUINAS,PIEDRA PICADA 10 M3,TRANSFERENCIA BANCARIA,USD,1,390,390,390,0,15,58.5,448.49999999999994,DIMAQUINAS C.A.,RANCHO FLAMBOYANT,1000,743,,
GASTO,PAGADO,2026-03-20,2026-03,2026-S12,MATERIALES,ESTRUCTURA,PR DE LAS ANTILLAS,DISCOS DE CORTE,TRANSFERENCIA BANCARIA,USD,1,38,38,38,0,15,5.7,43.699999999999996,DIMAQUINAS C.A.,RANCHO FLAMBOYANT,1000,743,,
GASTO,PAGADO,2026-03-20,2026-03,2026-S12,MATERIALES,ALBAÑILERIA,FERREBLOCK,"2000 BLOQUES DE CONCRETO DE 10 CM, 2000 BLOQUES DE 15 CM",TRANSFERENCIA BANCARIA,USD,1,2400,2400,2400,0,15,360,2760,DIMAQUINAS C.A.,RANCHO FLAMBOYANT,1000,743,,
GASTO,PAGADO,2026-03-20,2026-03,2026-S12,MATERIALES,ESTRUCTURA,FERREMATERIALES EXPRESS,"170 CABILLAS DE 1/2""",TRANSFERENCIA BANCARIA,USD,1,3060,3060,3060,0,15,459,3518.9999999999995,DIMAQUINAS C.A.,RANCHO FLAMBOYANT,1000,743,,
GASTO,PAGADO,2026-03-27,2026-03,2026-S13,MATERIALES,PLOMERIA,DISTUPECA,"TUBERIA, CONEXIONES PLOMERIA",TRANSFERENCIA BANCARIA,USD,1,578.9,578.9,578.9,0,15,86.835,665.7349999999999,DIMAQUINAS C.A.,RANCHO FLAMBOYANT,1000,743,,
GASTO,PAGADO,2026-03-27,2026-03,2026-S13,MATERIALES,ELECTRICIDAD,DISTUPECA,"TUBERIA ELECTRICA,TUBERIA DE PLOMERIA, CONEXIONES CODOS, YEE",TRANSFERENCIA BANCARIA,USD,1,557.2,557.2,557.2,0,15,83.58,640.78,DIMAQUINAS C.A.,RANCHO FLAMBOYANT,1000,743,,
GASTO,PAGADO,2026-03-27,2026-03,2026-S13,MATERIALES,ESTRUCTURA,ALFARERIA MACANAO,"BLOQUES PIÑATA DE 15 CM, 1000 BLOQUES",TRANSFERENCIA BANCARIA,USD,1,1828.87,1828.87,1828.87,0,15,274.3305,2103.2005,DIMAQUINAS C.A.,RANCHO FLAMBOYANT,1000,743,,
GASTO,PAGADO,2026-03-27,2026-03,2026-S13,MATERIALES,MURO CICLOPEO,ALQUIMEDES MEZA,COMPRA DE PIEDRA EN EL DATIL PARA MURO CICLOQUEO (3 CAMIONES),TRANSFERENCIA BANCARIA,USD,1,690,690,690,0,15,103.5,793.4999999999999,DIMAQUINAS C.A.,RANCHO FLAMBOYANT,1000,743,,
GASTO,PAGADO,2026-03-27,2026-03,2026-S13,MATERIALES,ALBAÑILERIA,FERREMATERIALES EXPRESS,30 LAMINAS SE ZEN ZE,TRANSFERENCIA BANCARIA,USD,1,240,240,240,0,15,36,276,DIMAQUINAS C.A.,RANCHO FLAMBOYANT,1000,743,,
GASTO,PAGADO,2026-03-27,2026-03,2026-S13,MANO DE OBRA,ESTRUCTURA,NOMINA,NOMINA MANO DE OBRA,TRANSFERENCIA BANCARIA,USD,1,3866,3866,3866,0,15,579.9,4445.9,DIMAQUINAS C.A.,RANCHO FLAMBOYANT,1000,743,,
GASTO,PAGADO,2026-03-27,2026-03,2026-S13,CONTRATISTA,PLOMERIA,BERNARDO CUERVO,ABONO ELECTRICIDAD Y PLOMERIA,TRANSFERENCIA BANCARIA,USD,1,350,350,350,0,15,52.5,402.49999999999994,DIMAQUINAS C.A.,RANCHO FLAMBOYANT,1000,743,,
GASTO,PAGADO,2026-03-27,2026-03,2026-S13,CONTRATISTA,ESTRUCTURA DE MADERA,MARYEXCI OROPEZA,"ABONO CAROLINA, ABONO A MODULO A",TRANSFERENCIA BANCARIA,USD,1,2500,2500,2500,0,15,375,2875,DIMAQUINAS C.A.,RANCHO FLAMBOYANT,1000,743,,
GASTO,PAGADO,2026-03-27,2026-03,2026-S13,MANO DE OBRA,ESTRUCTURA,NOMINA,LIQUIDACION ANDERSON Y HLGER,TRANSFERENCIA BANCARIA,USD,1,140,140,140,0,15,21,161,DIMAQUINAS C.A.,RANCHO FLAMBOYANT,1000,743,,
GASTO,PAGADO,2026-03-27,2026-03,2026-S13,EQUIPOS,ESTRUCTURA,DIMAQUINAS,"ALQUILER DE RETROEXCAVADORA (3,5 DIAS)",TRANSFERENCIA BANCARIA,USD,1,700,700,700,0,15,105,804.9999999999999,DIMAQUINAS C.A.,RANCHO FLAMBOYANT,1000,743,,
GASTO,PAGADO,2026-03-27,2026-03,2026-S13,EQUIPOS,MURO CICLOPEO,DIMAQUINAS,"VACIADO CON FIORI, 5 M3",TRANSFERENCIA BANCARIA,USD,1,150,150,150,0,15,22.5,172.5,DIMAQUINAS C.A.,RANCHO FLAMBOYANT,1000,743,,
GASTO,PAGADO,2026-03-27,2026-03,2026-S13,EQUIPOS,ESTRUCTURA,DIMAQUINAS,AQUILER CAMION AMARILLO,TRANSFERENCIA BANCARIA,USD,1,200,200,200,0,15,30,229.99999999999997,DIMAQUINAS C.A.,RANCHO FLAMBOYANT,1000,743,,
GASTO,PAGADO,2026-03-27,2026-03,2026-S13,EQUIPOS,ESTRUCTURA,DIMAQUINAS,"ALQUILER DE ENCOFRADOS (30 LAMINAS DE 1,00), HELICOPTERO",TRANSFERENCIA BANCARIA,USD,1,90,90,90,0,15,13.5,103.49999999999999,DIMAQUINAS C.A.,RANCHO FLAMBOYANT,1000,743,,
GASTO,PAGADO,2026-03-27,2026-03,2026-S13,EQUIPOS,ESTRUCTURA DE MADERA,DIMAQUINAS,ALQUILER DE ANDAMIOS (torres mas puntales),TRANSFERENCIA BANCARIA,USD,1,210,210,210,0,15,31.5,241.49999999999997,DIMAQUINAS C.A.,RANCHO FLAMBOYANT,1000,743,,
GASTO,PAGADO,2026-03-27,2026-03,2026-S13,INSUMOS,ESTRUCTURA,SERVICIOS H2O,SERVICIOS DE ENTREGA DE AGUA Y HIELO,TRANSFERENCIA BANCARIA,USD,1,185,185,185,0,15,27.75,212.74999999999997,DIMAQUINAS C.A.,RANCHO FLAMBOYANT,1000,743,,
GASTO,PAGADO,2026-03-27,2026-03,2026-S13,EQUIPOS,DEMOLICION,CASA INTELIGENTE,"ALQUILER DE MAQUINARIAS ROTOMARTILLO (2), 4 DIAS",TRANSFERENCIA BANCARIA,USD,1,240,240,240,0,15,36,276,DIMAQUINAS C.A.,RANCHO FLAMBOYANT,1000,743,,
GASTO,PAGADO,2026-03-27,2026-03,2026-S13,TRANSPORTE,DEMOLICION,LUIS GERARDO,8 VIAJES DE ESCOMBROS+3 VIAJES DE PIEDRA BRUTA,TRANSFERENCIA BANCARIA,USD,1,620,620,620,0,15,93,713,DIMAQUINAS C.A.,RANCHO FLAMBOYANT,1000,743,,
GASTO,PAGADO,2026-03-27,2026-03,2026-S13,INSUMOS,ESTRUCTURA,LUIS VELASQUEZ,UN VIAJE DE GUA CRUDA,TRANSFERENCIA BANCARIA,USD,1,30,30,30,0,15,4.5,34.5,DIMAQUINAS C.A.,RANCHO FLAMBOYANT,1000,743,,
GASTO,PAGADO,2026-03-27,2026-03,2026-S13,MATERIALES,ESTRUCTURA,PR DE LAS ANTILLAS,"ALAMBRE, SENSEN, GUANTES LENTES, CLAVOS, PEGA PVC, NE 453-463-1223-467-1207",TRANSFERENCIA BANCARIA,USD,1,865.2,865.2,865.2,0,15,129.78,994.98,DIMAQUINAS C.A.,RANCHO FLAMBOYANT,1000,743,,
GASTO,PAGADO,2026-03-27,2026-03,2026-S13,MATERIALES,ESTRUCTURA,ACROPOLIS,"364 CLAVOS DE ACERO 2"",  2 KILOS DE CLAVOS GAL 1 SACO DE CAL",TRANSFERENCIA BANCARIA,USD,1,76.6,76.6,76.6,0,15,11.489999999999998,88.08999999999999,DIMAQUINAS C.A.,RANCHO FLAMBOYANT,1000,743,,
GASTO,PAGADO,2026-03-27,2026-03,2026-S13,MATERIALES,ALBAÑILERIA,TOMAS CANTERA,1 CAMION DE ARROCILLO,TRANSFERENCIA BANCARIA,USD,1,310,310,310,0,15,46.5,356.5,DIMAQUINAS C.A.,RANCHO FLAMBOYANT,1000,743,,
GASTO,PAGADO,2026-03-27,2026-03,2026-S13,MATERIALES,MURO CICLOPEO,CONSTRUCTORA LOS FERNANDEZ,3 CAMIONES DE PIEDRA BRUTA (PAGO),TRANSFERENCIA BANCARIA,USD,1,735,735,735,0,15,110.25,845.2499999999999,DIMAQUINAS C.A.,RANCHO FLAMBOYANT,1000,743,,
GASTO,PAGADO,2026-03-27,2026-03,2026-S13,MATERIALES,MURO CICLOPEO,CONSTRUCTORA LOS FERNANDEZ,1 CAMION DE PIEDRA BRUTA (PENDIENTE POR INCLUIR DE LA SEMANA 4),TRANSFERENCIA BANCARIA,USD,1,245,245,245,0,15,36.75,281.75,DIMAQUINAS C.A.,RANCHO FLAMBOYANT,1000,743,,
GASTO,PAGADO,2026-03-27,2026-03,2026-S13,CONTRATISTA,PISCINA,FRANCISCO PISCINAS,ABONO TRABAJO PISCINA,TRANSFERENCIA BANCARIA,USD,1,300,300,300,0,15,45,345,DIMAQUINAS C.A.,RANCHO FLAMBOYANT,1000,743,,
GASTO,PAGADO,2026-03-27,2026-03,2026-S13,MATERIALES,PLOMERIA,AV. INGENIERIA,4 JUNTA HIDRO WATER STOP,TRANSFERENCIA BANCARIA,USD,1,144,144,144,0,15,21.599999999999998,165.6,DIMAQUINAS C.A.,RANCHO FLAMBOYANT,1000,743,,
GASTO,PAGADO,2026-04-01,2026-04,2026-S14,MANO DE OBRA,ESTRUCTURA,NOMINA,NOMINA SEMANA SANTA JUEVES Y VIERNES,TRANSFERENCIA BANCARIA,USD,1,1843,1843,1843,0,15,276.45,2119.45,DIMAQUINAS C.A.,RANCHO FLAMBOYANT,1000,743,,
GASTO,PAGADO,2026-04-10,2026-04,2026-S15,MATERIALES,MURO CICLOPEO,DANIEL VALDERRAMA,3 PALETAS DE CEMENTO,TRANSFERENCIA BANCARIA,USD,1,1872,1872,1872,0,15,280.8,2152.7999999999997,DIMAQUINAS C.A.,RANCHO FLAMBOYANT,1000,743,,
GASTO,PAGADO,2026-04-10,2026-04,2026-S15,MATERIALES,MURO CICLOPEO,DIMAQUINAS,2 CAMIONES DE 8 M2 DE ARENA FINA 16 M3,TRANSFERENCIA BANCARIA,USD,1,984,984,984,0,15,147.6,1131.6,DIMAQUINAS C.A.,RANCHO FLAMBOYANT,1000,743,,
GASTO,PAGADO,2026-04-10,2026-04,2026-S15,MATERIALES,MURO CICLOPEO,DIMAQUINAS,7 M3 ARENA LAVADA,TRANSFERENCIA BANCARIA,USD,1,560,560,560,0,15,84,644,DIMAQUINAS C.A.,RANCHO FLAMBOYANT,1000,743,,
GASTO,PAGADO,2026-04-10,2026-04,2026-S15,MATERIALES,MURO CICLOPEO,TOMAS CANTERA,1 CAMION DE ARENA GRUESA 10 M3,TRANSFERENCIA BANCARIA,USD,1,250,250,250,0,15,37.5,287.5,DIMAQUINAS C.A.,RANCHO FLAMBOYANT,1000,743,,
GASTO,PAGADO,2026-04-10,2026-04,2026-S15,MATERIALES,ESTRUCTURA,AV. INGENIERIA,80 LT INHIBIDOR OXIDO,TRANSFERENCIA BANCARIA,USD,1,1440,1440,1440,0,15,216,1655.9999999999998,DIMAQUINAS C.A.,RANCHO FLAMBOYANT,1000,743,,
GASTO,PAGADO,2026-04-10,2026-04,2026-S15,MATERIALES,ESTRUCTURA,DIMAQUINAS,14 m3 PIEDRA PICADA,TRANSFERENCIA BANCARIA,USD,1,546,546,273,273,15,81.89999999999999,627.9,DIMAQUINAS C.A.,RANCHO FLAMBOYANT,1000,743,,
GASTO,PAGADO,2026-04-10,2026-04,2026-S15,MATERIALES,ESTRUCTURA,AV. INGENIERIA,120 LT PLASTIAV,TRANSFERENCIA BANCARIA,USD,1,1320,1320,360,960,15,198,1517.9999999999998,DIMAQUINAS C.A.,RANCHO FLAMBOYANT,1000,743,,
GASTO,PAGADO,2026-04-10,2026-04,2026-S15,EQUIPOS,DEMOLICION,DIMAQUINAS,"ALQUILER RETROEXCAVADORA 3,5 DIAS",TRANSFERENCIA BANCARIA,USD,1,700,700,700,0,15,105,804.9999999999999,DIMAQUINAS C.A.,RANCHO FLAMBOYANT,1000,743,,
GASTO,PAGADO,2026-04-10,2026-04,2026-S15,EQUIPOS,ALBAÑILERIA,DIMAQUINAS,ALQUILER CAMION AMARILLO,TRANSFERENCIA BANCARIA,USD,1,200,200,200,0,15,30,229.99999999999997,DIMAQUINAS C.A.,RANCHO FLAMBOYANT,1000,743,,
GASTO,PAGADO,2026-04-10,2026-04,2026-S15,EQUIPOS,ESTRUCTURA,DIMAQUINAS,ALQUILER ENCOFRADOS (80 LAMINAS DE 1X0.40 + 20 DE 0.40X2.40,TRANSFERENCIA BANCARIA,USD,1,180,180,180,0,15,27,206.99999999999997,DIMAQUINAS C.A.,RANCHO FLAMBOYANT,1000,743,,
GASTO,PAGADO,2026-04-10,2026-04,2026-S15,EQUIPOS,ESTRUCTURA,DIMAQUINAS,ALQUILER DE ANDAMIOS (TORRES Y PUNTALES),TRANSFERENCIA BANCARIA,USD,1,210,210,210,0,15,31.5,241.49999999999997,DIMAQUINAS C.A.,RANCHO FLAMBOYANT,1000,743,,
GASTO,PAGADO,2026-04-10,2026-04,2026-S15,EQUIPOS,MURO CICLOPEO,DIMAQUINAS,ALQUILER FIORI (5 M3),TRANSFERENCIA BANCARIA,USD,1,150,150,150,0,15,22.5,172.5,DIMAQUINAS C.A.,RANCHO FLAMBOYANT,1000,743,,
GASTO,PAGADO,2026-04-10,2026-04,2026-S15,EQUIPOS,ESTRUCTURA,CASA INTELIGENTE,ALQUILER ROTOMARTILLLOS 3 DIAS,TRANSFERENCIA BANCARIA,USD,1,180,180,180,0,15,27,206.99999999999997,DIMAQUINAS C.A.,RANCHO FLAMBOYANT,1000,743,,
GASTO,PAGADO,2026-04-10,2026-04,2026-S15,EQUIPOS,ESTRUCTURA,CASA INTELIGENTE,ALQUILER ANDAMIOS AMARILLOS,TRANSFERENCIA BANCARIA,USD,1,192,192,192,0,15,28.799999999999997,220.79999999999998,DIMAQUINAS C.A.,RANCHO FLAMBOYANT,1000,743,,
GASTO,PAGADO,2026-04-10,2026-04,2026-S15,MANO DE OBRA,ALBAÑILERIA,NOMINA,NOMINA SEMANA 10 ABRIL,TRANSFERENCIA BANCARIA,USD,1,3219,3219,3219,0,15,482.84999999999997,3701.85,DIMAQUINAS C.A.,RANCHO FLAMBOYANT,1000,743,,
GASTO,PAGADO,2026-04-10,2026-04,2026-S15,CONTRATISTA,ELECTRICIDAD,BERNARDO CUERVO,ABONO ELECTRICIDAD Y PLOMERIA,TRANSFERENCIA BANCARIA,USD,1,350,350,350,0,15,52.5,402.49999999999994,DIMAQUINAS C.A.,RANCHO FLAMBOYANT,1000,743,,
GASTO,PAGADO,2026-04-10,2026-04,2026-S15,CONTRATISTA,MURO CICLOPEO,MARYEXCI OROPEZA,ABONO MURO CICLOPEO,TRANSFERENCIA BANCARIA,USD,1,2500,2500,2500,0,15,375,2875,DIMAQUINAS C.A.,RANCHO FLAMBOYANT,1000,743,,
GASTO,PAGADO,2026-04-10,2026-04,2026-S15,TRANSPORTE,ESTRUCTURA,LUIS GERARDO,8 VIAJES ESCOMBROS 4 DE ARENA 2 DE PIEDRA TRANSPORTE,TRANSFERENCIA BANCARIA,USD,1,620,620,620,0,15,93,713,DIMAQUINAS C.A.,RANCHO FLAMBOYANT,1000,743,,
GASTO,PAGADO,2026-04-11,2026-04,2026-S15,INSUMOS,ELECTRICIDAD,LA TIENDA DEL PINTOR,"GUANTES, UNIUON, CODO, ANILLO NE 053-048",TRANSFERENCIA BANCARIA,USD,1,263.33,263.33,263.33,0,15,39.4995,302.82949999999994,DIMAQUINAS C.A.,RANCHO FLAMBOYANT,1000,743,,
GASTO,PAGADO,2026-04-10,2026-04,2026-S15,INSUMOS,ESTRUCTURA,SERVICIOS H2O,AGUA Y HIELO OBREROS,TRANSFERENCIA BANCARIA,USD,1,172.6,172.6,172.6,0,15,25.889999999999997,198.48999999999998,DIMAQUINAS C.A.,RANCHO FLAMBOYANT,1000,743,,
GASTO,PAGADO,2026-04-10,2026-04,2026-S15,MANO DE OBRA,ALBAÑILERIA,NOMINA,LIQUIDACION NOMINA CRESPO,TRANSFERENCIA BANCARIA,USD,1,160,160,160,0,15,24,184,DIMAQUINAS C.A.,RANCHO FLAMBOYANT,1000,743,,
GASTO,PAGADO,2026-04-11,2026-04,2026-S15,MATERIALES,ESTRUCTURA,PR DE LAS ANTILLAS,NE 281 CLAVOS DISCO DE CORTE CERCHAS,TRANSFERENCIA BANCARIA,USD,1,184,184,184,0,15,27.599999999999998,211.6,DIMAQUINAS C.A.,RANCHO FLAMBOYANT,1000,743,,
GASTO,PAGADO,2026-04-10,2026-04,2026-S15,MATERIALES,ESTRUCTURA,ACROPOLIS,20 ROLLOS DE ALAMBRE,TRANSFERENCIA BANCARIA,USD,1,78,78,78,0,15,11.7,89.69999999999999,DIMAQUINAS C.A.,RANCHO FLAMBOYANT,1000,743,,
GASTO,PAGADO,2026-04-11,2026-04,2026-S15,INSUMOS,ESTRUCTURA,ACROPOLIS,"ESPONJA, 24 GUANTES DE TELA, DE CARNAZA 1 GUANTE ROJO",TRANSFERENCIA BANCARIA,USD,1,168.8,168.8,168.8,0,15,25.32,194.12,DIMAQUINAS C.A.,RANCHO FLAMBOYANT,1000,743,,
GASTO,PAGADO,2026-04-13,2026-04,2026-S16,MATERIALES,ALBAÑILERIA,PR DE LAS ANTILLAS,20 SACOS DE CEMENTO FACT 6619,TRANSFERENCIA BANCARIA,USD,1,327,327,327,0,15,49.05,376.04999999999995,DIMAQUINAS C.A.,RANCHO FLAMBOYANT,1000,743,,
GASTO,PAGADO,2026-04-13,2026-04,2026-S16,MATERIALES,MURO CICLOPEO,CONSTRUCTORA LOS FERNANDEZ,21 M3 PIEDRA BRUTA,TRANSFERENCIA BANCARIA,USD,1,735,735,735,0,15,110.25,845.2499999999999,DIMAQUINAS C.A.,RANCHO FLAMBOYANT,1000,743,,
GASTO,PAGADO,2026-04-13,2026-04,2026-S16,MATERIALES,MURO CICLOPEO,ALQUIMEDES MEZA,21 M3 PIEDRA BRUTA EL DATIL,TRANSFERENCIA BANCARIA,USD,1,690,690,690,0,15,103.5,793.4999999999999,DIMAQUINAS C.A.,RANCHO FLAMBOYANT,1000,743,,
GASTO,PAGADO,2026-04-13,2026-04,2026-S16,MATERIALES,ALBAÑILERIA,PR DE LAS ANTILLAS,50 SACOS DE PEGO,TRANSFERENCIA BANCARIA,USD,1,190,190,190,0,15,28.5,218.49999999999997,DIMAQUINAS C.A.,RANCHO FLAMBOYANT,1000,743,,
GASTO,PAGADO,2026-04-13,2026-04,2026-S16,MATERIALES,ELECTRICIDAD,ARTS,2 TABLEROS NLAB TRIFASICO 18 CIRCUITOS,TRANSFERENCIA BANCARIA,USD,1,967.58,967.58,967.58,0,15,145.137,1112.7169999999999,DIMAQUINAS C.A.,RANCHO FLAMBOYANT,1000,743,,
GASTO,PAGADO,2026-04-13,2026-04,2026-S16,MATERIALES,ALBAÑILERIA,DIMAQUINAS,1000 TEJAS ROJAS PARA BASE,TRANSFERENCIA BANCARIA,USD,1,500,500,500,0,15,75,575,DIMAQUINAS C.A.,RANCHO FLAMBOYANT,1000,743,,
GASTO,PAGADO,2026-04-13,2026-04,2026-S16,MATERIALES,ALBAÑILERIA,DIMAQUINAS,21 M3 DE ARENA FINA,TRANSFERENCIA BANCARIA,USD,1,1050,1050,1050,0,15,157.5,1207.5,DIMAQUINAS C.A.,RANCHO FLAMBOYANT,1000,743,,
GASTO,PAGADO,2026-04-13,2026-04,2026-S16,MATERIALES,ESTRUCTURA,DIMAQUINAS,7 M3 PIEDRA PICADA No 1,TRANSFERENCIA BANCARIA,USD,1,273,273,273,0,15,40.949999999999996,313.95,DIMAQUINAS C.A.,RANCHO FLAMBOYANT,1000,743,,
GASTO,PAGADO,2026-04-14,2026-04,2026-S16,EQUIPOS,ESTRUCTURA,DIMAQUINAS,ALQUILER RETROEXCAVADORA 3.5 DIAS,TRANSFERENCIA BANCARIA,USD,1,700,700,700,0,15,105,804.9999999999999,DIMAQUINAS C.A.,RANCHO FLAMBOYANT,1000,743,,
GASTO,PAGADO,2026-04-14,2026-04,2026-S16,EQUIPOS,ALBAÑILERIA,DIMAQUINAS,ALQUILER CAMION AMARILLO,TRANSFERENCIA BANCARIA,USD,1,200,200,200,0,15,30,229.99999999999997,DIMAQUINAS C.A.,RANCHO FLAMBOYANT,1000,743,,
GASTO,PAGADO,2026-04-14,2026-04,2026-S16,EQUIPOS,ESTRUCTURA,DIMAQUINAS,ALQUILER ENCOFRADO(80 LAMINAS DE 1X40+20 20X2.40+60M2 DE LAMINAS MAS MADERA,TRANSFERENCIA BANCARIA,USD,1,990.4,990.4,990.4,0,15,148.56,1138.9599999999998,DIMAQUINAS C.A.,RANCHO FLAMBOYANT,1000,743,,
GASTO,PAGADO,2026-04-14,2026-04,2026-S16,EQUIPOS,ESTRUCTURA,DIMAQUINAS,ALQUILER DE ANDAMIOS TORRES + PUNTALES,TRANSFERENCIA BANCARIA,USD,1,285,285,285,0,15,42.75,327.75,DIMAQUINAS C.A.,RANCHO FLAMBOYANT,1000,743,,
GASTO,PAGADO,2026-04-14,2026-04,2026-S16,EQUIPOS,MURO CICLOPEO,DIMAQUINAS,FIORI 6 M3,TRANSFERENCIA BANCARIA,USD,1,180,180,180,0,15,27,206.99999999999997,DIMAQUINAS C.A.,RANCHO FLAMBOYANT,1000,743,,
GASTO,PAGADO,2026-04-14,2026-04,2026-S16,EQUIPOS,ESTRUCTURA,CASA INTELIGENTE,ROTOMARTILLO 3 DIAS,TRANSFERENCIA BANCARIA,USD,1,180,180,180,0,15,27,206.99999999999997,DIMAQUINAS C.A.,RANCHO FLAMBOYANT,1000,743,,
GASTO,PAGADO,2026-04-14,2026-04,2026-S16,EQUIPOS,ALBAÑILERIA,CASA INTELIGENTE,ALQUILER ANDAMIOS AMARILLOS,TRANSFERENCIA BANCARIA,USD,1,192,192,192,0,15,28.799999999999997,220.79999999999998,DIMAQUINAS C.A.,RANCHO FLAMBOYANT,1000,743,,
GASTO,PAGADO,2026-04-14,2026-04,2026-S16,MATERIALES,ESTRUCTURA,FERREMATERIALES EXPRESS,600 CABILLAS DE 1/2 Y 600 CABILLAS DE 3/8,EFECTIVO,USD,1,16875,16875,13500,3375,15,2531.25,19406.25,DIMAQUINAS C.A.,RANCHO FLAMBOYANT,1000,743,,
GASTO,PAGADO,2026-04-14,2026-04,2026-S16,MATERIALES,ESTRUCTURA,DANIEL VALDERRAMA,700 SACOS DE CEMENTO,EFECTIVO,USD,1,7656.25,7656.25,6125,1531.25,15,1148.4375,8804.6875,DIMAQUINAS C.A.,RANCHO FLAMBOYANT,1000,743,,
GASTO,PAGADO,2026-04-15,2026-04,2026-S16,MATERIALES,ALBAÑILERIA,DIMAQUINAS,1000 TEJAS SEGUNDO ENVIO,TRANSFERENCIA BANCARIA,USD,1,500,500,500,0,15,75,575,DIMAQUINAS C.A.,RANCHO FLAMBOYANT,1000,743,,
GASTO,PAGADO,2026-04-14,2026-04,2026-S16,MANO DE OBRA,ESTRUCTURA,NOMINA,NOMINA OBREROS,TRANSFERENCIA BANCARIA,USD,1,3245,3245,3245,0,15,486.75,3731.7499999999995,DIMAQUINAS C.A.,RANCHO FLAMBOYANT,1000,743,,
GASTO,PAGADO,2026-04-14,2026-04,2026-S16,MANO DE OBRA,ESTRUCTURA,NOMINA,LIQUIDACION 3 OBREROS,TRANSFERENCIA BANCARIA,USD,1,385,385,385,0,15,57.75,442.74999999999994,DIMAQUINAS C.A.,RANCHO FLAMBOYANT,1000,743,,
GASTO,PAGADO,2026-04-14,2026-04,2026-S16,MANO DE OBRA,ELECTRICIDAD,BERNARDO CUERVO,NOMINA ELECTRIDAD Y PLOMERIA,TRANSFERENCIA BANCARIA,USD,1,350,350,350,0,15,52.5,402.49999999999994,DIMAQUINAS C.A.,RANCHO FLAMBOYANT,1000,743,,
GASTO,PAGADO,2026-04-18,2026-04,2026-S16,MANO DE OBRA,ESTRUCTURA DE MADERA,MARYEXCI OROPEZA,NOMINA MODULO A Y MURO CICLOPEO,TRANSFERENCIA BANCARIA,USD,1,3500,3500,3500,0,15,525,4024.9999999999995,DIMAQUINAS C.A.,RANCHO FLAMBOYANT,1000,743,,
GASTO,PAGADO,2026-04-14,2026-04,2026-S16,MANO DE OBRA,PISCINA,ASDRUBAL CAMPOS,ABONO EN FRSIO PISCINA PRESUP 1230$,TRANSFERENCIA BANCARIA,USD,1,600,600,600,0,15,90,690,DIMAQUINAS C.A.,RANCHO FLAMBOYANT,1000,743,,
GASTO,PAGADO,2026-04-14,2026-04,2026-S16,INSUMOS,ESTRUCTURA,LUIS VELASQUEZ,DOS CAMIONES DE AGUA,TRANSFERENCIA BANCARIA,USD,1,60,60,60,0,15,9,69,DIMAQUINAS C.A.,RANCHO FLAMBOYANT,1000,743,,
GASTO,PAGADO,2026-04-14,2026-04,2026-S16,MATERIALES,ELECTRICIDAD,LA TIENDA DEL PINTOR,"GUANTES, CODOS, ANILLO NE 016022019",TRANSFERENCIA BANCARIA,USD,1,186.12,186.12,186.12,0,15,27.918,214.03799999999998,DIMAQUINAS C.A.,RANCHO FLAMBOYANT,1000,743,,
GASTO,PAGADO,2026-04-14,2026-04,2026-S16,TRANSPORTE,MURO CICLOPEO,LUIS GERARDO,"17 VIAJES DE ESCOMBROS, E DE ARENA Y 3 DE PIEDRA BRUTA",TRANSFERENCIA BANCARIA,USD,1,1080,1080,1080,0,15,162,1242,DIMAQUINAS C.A.,RANCHO FLAMBOYANT,1000,743,,
GASTO,PAGADO,2026-04-14,2026-04,2026-S16,INSUMOS,ESTRUCTURA,SERVICIOS H2O,AGUA Y HIELO SEMANAL,TRANSFERENCIA BANCARIA,USD,1,158,158,158,0,15,23.7,181.7,DIMAQUINAS C.A.,RANCHO FLAMBOYANT,1000,743,,
GASTO,PAGADO,2026-04-14,2026-04,2026-S16,MATERIALES,ESTRUCTURA,ACROPOLIS,11 ROLLOS DE ALAMBRE,TRANSFERENCIA BANCARIA,USD,1,42,42,42,0,15,6.3,48.3,DIMAQUINAS C.A.,RANCHO FLAMBOYANT,1000,743,,
GASTO,PAGADO,2026-04-16,2026-04,2026-S16,MATERIALES,PLOMERIA,DISTUPECA,MATERIAL DE PLOMERIA NE 04242,TRANSFERENCIA BANCARIA,USD,1,410.75,410.75,410.75,0,15,61.6125,472.36249999999995,DIMAQUINAS C.A.,RANCHO FLAMBOYANT,1000,743,,
GASTO,PAGADO,2026-04-16,2026-04,2026-S16,MATERIALES,ESTRUCTURA DE MADERA,HERNAN TINEO,HORCONES Y VIGAS ADICIONALES,TRANSFERENCIA BANCARIA,USD,1,5200,5200,5200,0,15,780,5979.999999999999,DIMAQUINAS C.A.,RANCHO FLAMBOYANT,1000,743,,
GASTO,PAGADO,2026-04-16,2026-04,2026-S16,MATERIALES,MURO CICLOPEO,FERRETERO MARGARITA,10 METROS DE PLASTICO NEGRO,TRANSFERENCIA BANCARIA,USD,1,38.08,38.08,38.08,0,15,5.712,43.791999999999994,DIMAQUINAS C.A.,RANCHO FLAMBOYANT,1000,743,,
GASTO,PAGADO,2026-04-17,2026-04,2026-S16,MATERIALES,ALBAÑILERIA,MARGARITA TEXTIL,GOMA ESPUMA TRABAJO ALBAÑILERIA OBRA,TRANSFERENCIA BANCARIA,USD,1,33.74,33.74,33.74,0,15,5.061,38.801,DIMAQUINAS C.A.,RANCHO FLAMBOYANT,1000,743,,
GASTO,PAGADO,2026-04-13,2026-04,2026-S16,MATERIALES,MURO CICLOPEO,DANIEL VALDERRAMA,TRES PALETAS DE CEMENTO,TRANSFERENCIA BANCARIA,USD,1,1872,1872,1872,0,15,280.8,2152.7999999999997,DIMAQUINAS C.A.,RANCHO FLAMBOYANT,1000,743,,
GASTO,PAGADO,2026-04-13,2026-04,2026-S16,CONTRATISTA,AIRES ACONDICIONADOS,FRANCISCO PAZ,SUMINISTRO E INSTALACION DE TUBERIA DE COBRE PARA EQUIPOS MODULO B,TRANSFERENCIA BANCARIA,USD,1,490,490,490,0,15,73.5,563.5,DIMAQUINAS C.A.,RANCHO FLAMBOYANT,1000,743,,
GASTO,PAGADO,2026-04-20,2026-04,2026-S17,MATERIALES,ESTRUCTURA DE MADERA,HERNAN TINEO,HORCONES Y VIGAS ADICIONALES,TRANSFERENCIA BANCARIA,USD,1,5760,5760,5760,0,15,864,6623.999999999999,DIMAQUINAS C.A.,RANCHO FLAMBOYANT,1000,743,,
GASTO,PAGADO,2026-04-20,2026-04,2026-S17,MATERIALES,MURO CICLOPEO,CONSTRUCTORA LOS FERNANDEZ,42 M3 DE PIEDRA BRUTA,TRANSFERENCIA BANCARIA,USD,1,1470,1470,1470,0,15,220.5,1690.4999999999998,DIMAQUINAS C.A.,RANCHO FLAMBOYANT,1000,743,,
GASTO,PAGADO,2026-04-29,2026-04,2026-S18,MATERIALES,MURO CICLOPEO,ALQUIMEDES MEZA,42 M3 PIEDRA EL DATIL,TRANSFERENCIA BANCARIA,USD,1,1380,1380,1380,0,15,207,1586.9999999999998,DIMAQUINAS C.A.,RANCHO FLAMBOYANT,1000,743,,
GASTO,PAGADO,2026-04-24,2026-04,2026-S17,EQUIPOS,ESTRUCTURA,DIMAQUINAS,ALQUILER RETRO 4.5 DIAS,TRANSFERENCIA BANCARIA,USD,1,900,900,900,0,15,135,1035,DIMAQUINAS C.A.,RANCHO FLAMBOYANT,1000,743,,
GASTO,PAGADO,2026-04-24,2026-04,2026-S17,EQUIPOS,ESTRUCTURA,DIMAQUINAS,ALQUILER CAMION AMARILLO,TRANSFERENCIA BANCARIA,USD,1,200,200,200,0,15,30,229.99999999999997,DIMAQUINAS C.A.,RANCHO FLAMBOYANT,1000,743,,
GASTO,PAGADO,2026-04-24,2026-04,2026-S17,EQUIPOS,ESTRUCTURA,DIMAQUINAS,"80 LAMI DE 1X0.40+20 DE .40X2,40+50 M2 DE LAMINAS",TRANSFERENCIA BANCARIA,USD,1,930,930,930,0,15,139.5,1069.5,DIMAQUINAS C.A.,RANCHO FLAMBOYANT,1000,743,,
GASTO,PAGADO,2026-04-24,2026-04,2026-S17,EQUIPOS,ESTRUCTURA,DIMAQUINAS,ALQ ANDAMIOS TORRES Y PUNTALES,TRANSFERENCIA BANCARIA,USD,1,285,285,285,0,15,42.75,327.75,DIMAQUINAS C.A.,RANCHO FLAMBOYANT,1000,743,,
GASTO,PAGADO,2026-04-24,2026-04,2026-S17,EQUIPOS,MURO CICLOPEO,DIMAQUINAS,FIORI 6.5 M3,TRANSFERENCIA BANCARIA,USD,1,195,195,195,0,15,29.25,224.24999999999997,DIMAQUINAS C.A.,RANCHO FLAMBOYANT,1000,743,,
GASTO,PAGADO,2026-04-24,2026-04,2026-S17,MATERIALES,ESTRUCTURA,DIMAQUINAS,8 M3 DE PIEDRA PICADA N 1,TRANSFERENCIA BANCARIA,USD,1,312,312,312,0,15,46.8,358.79999999999995,DIMAQUINAS C.A.,RANCHO FLAMBOYANT,1000,743,,
GASTO,PAGADO,2026-04-24,2026-04,2026-S17,EQUIPOS,ESTRUCTURA,CASA INTELIGENTE,ALQUILER ROTOMARTILLOS 3 DIAS,TRANSFERENCIA BANCARIA,USD,1,180,180,180,0,15,27,206.99999999999997,DIMAQUINAS C.A.,RANCHO FLAMBOYANT,1000,743,,
GASTO,PAGADO,2026-04-24,2026-04,2026-S17,EQUIPOS,ALBAÑILERIA,CASA INTELIGENTE,ALQUILER ANDAMIOS AMARILLOS,TRANSFERENCIA BANCARIA,USD,1,192,192,192,0,15,28.799999999999997,220.79999999999998,DIMAQUINAS C.A.,RANCHO FLAMBOYANT,1000,743,,
GASTO,PAGADO,2026-04-24,2026-04,2026-S17,MANO DE OBRA,ESTRUCTURA,NOMINA,NOMINA,TRANSFERENCIA BANCARIA,USD,1,3747,3747,3747,0,15,562.05,4309.049999999999,DIMAQUINAS C.A.,RANCHO FLAMBOYANT,1000,743,,
GASTO,PAGADO,2026-04-24,2026-04,2026-S17,CONTRATISTA,ELECTRICIDAD,BERNARDO CUERVO,NOMINA ELECTRICIDAD Y PROMERIA,TRANSFERENCIA BANCARIA,USD,1,400,400,400,0,15,60,459.99999999999994,DIMAQUINAS C.A.,RANCHO FLAMBOYANT,1000,743,,
GASTO,PAGADO,2026-04-24,2026-04,2026-S17,EQUIPOS,ESTRUCTURA,CONSTRUCTORA LA VEREDA,ALQUILER VIBRO Y 30 PUNTALES,TRANSFERENCIA BANCARIA,USD,1,75,75,75,0,15,11.25,86.25,DIMAQUINAS C.A.,RANCHO FLAMBOYANT,1000,743,,
GASTO,PAGADO,2026-04-24,2026-04,2026-S17,CONTRATISTA,MURO CICLOPEO,MARYEXCI OROPEZA,3500,TRANSFERENCIA BANCARIA,USD,1,3500,3500,3500,0,15,525,4024.9999999999995,DIMAQUINAS C.A.,RANCHO FLAMBOYANT,1000,743,,
GASTO,PAGADO,2026-04-24,2026-04,2026-S17,CONTRATISTA,PISCINA,ASDRUBAL CAMPOS,FRISO EN PISCINA,TRANSFERENCIA BANCARIA,USD,1,300,300,300,0,15,45,345,DIMAQUINAS C.A.,RANCHO FLAMBOYANT,1000,743,,
GASTO,PAGADO,2026-04-24,2026-04,2026-S17,MATERIALES,PLOMERIA,DISTUPECA,CONEX PLOMERIA 5 TUBOS DE AGUAS BLANCAS,TRANSFERENCIA BANCARIA,USD,1,719,719,719,0,15,107.85,826.8499999999999,DIMAQUINAS C.A.,RANCHO FLAMBOYANT,1000,743,,
GASTO,PAGADO,2026-04-24,2026-04,2026-S17,INSUMOS,ALBAÑILERIA,LUIS VELASQUEZ,2 CAMIONES AGUA 10000 LTS,TRANSFERENCIA BANCARIA,USD,1,50,50,50,0,15,7.5,57.49999999999999,DIMAQUINAS C.A.,RANCHO FLAMBOYANT,1000,743,,
GASTO,PAGADO,2026-04-24,2026-04,2026-S17,TRANSPORTE,ESTRUCTURA,LUIS GERARDO,"7 VIAJES RELLENO, 6 VIAJES PIEDRA, 8 BOTES ESCOMBROS, 3 VIAJES ARENA",TRANSFERENCIA BANCARIA,USD,1,1245,1245,1245,0,15,186.75,1431.75,DIMAQUINAS C.A.,RANCHO FLAMBOYANT,1000,743,,
GASTO,PAGADO,2026-04-24,2026-04,2026-S17,MATERIALES,PLOMERIA,LA TIENDA DEL PINTOR,GUANTES CODOS UNIONES Y ANILLOS,TRANSFERENCIA BANCARIA,USD,1,210.17,210.17,210.17,0,15,31.525499999999997,241.69549999999995,DIMAQUINAS C.A.,RANCHO FLAMBOYANT,1000,743,,
GASTO,PAGADO,2026-04-24,2026-04,2026-S17,INSUMOS,ESTRUCTURA,SERVICIOS H2O,AGUA Y HIELO,TRANSFERENCIA BANCARIA,USD,1,176.2,176.2,176.2,0,15,26.429999999999996,202.62999999999997,DIMAQUINAS C.A.,RANCHO FLAMBOYANT,1000,743,,
GASTO,PAGADO,2026-04-24,2026-04,2026-S17,MATERIALES,ESTRUCTURA,FERRESTE,ROLLOS DE ALAMBRE,TRANSFERENCIA BANCARIA,USD,1,75,75,75,0,15,11.25,86.25,DIMAQUINAS C.A.,RANCHO FLAMBOYANT,1000,743,,
GASTO,PAGADO,2026-04-24,2026-04,2026-S17,MATERIALES,ALBAÑILERIA,ACROPOLIS,"ALAMBRE, CLAVOS, DISCO DE CORTE, PEGO Y CAL",TRANSFERENCIA BANCARIA,USD,1,533.3,533.3,533.3,0,15,79.99499999999999,613.2949999999998,DIMAQUINAS C.A.,RANCHO FLAMBOYANT,1000,743,,
GASTO,PAGADO,2026-04-24,2026-04,2026-S17,MANO DE OBRA,ESTRUCTURA,NOMINA,LIQUIDACION OBRERO,TRANSFERENCIA BANCARIA,USD,1,70,70,70,0,15,10.5,80.5,DIMAQUINAS C.A.,RANCHO FLAMBOYANT,1000,743,,
GASTO,PAGADO,2026-04-24,2026-04,2026-S17,MANO DE OBRA,ESTRUCTURA,NOMINA,BONIFICACION SABADO,TRANSFERENCIA BANCARIA,USD,1,170,170,170,0,15,25.5,195.49999999999997,DIMAQUINAS C.A.,RANCHO FLAMBOYANT,1000,743,,
GASTO,PAGADO,2026-04-24,2026-04,2026-S17,CONTRATISTA,INTERNET,MISAEL REYES,236,TRANSFERENCIA BANCARIA,USD,1,236,236,236,0,15,35.4,271.4,DIMAQUINAS C.A.,RANCHO FLAMBOYANT,1000,743,,
GASTO,PAGADO,2026-04-24,2026-04,2026-S17,MATERIALES,AIRES ACONDICIONADOS,FRANCISCO PAZ,TUBERIAS Y ARMAFLEX AA BUNKER,TRANSFERENCIA BANCARIA,USD,1,170,170,170,0,15,25.5,195.49999999999997,DIMAQUINAS C.A.,RANCHO FLAMBOYANT,1000,743,,
GASTO,PAGADO,2026-04-30,2026-04,2026-S18,MANO DE OBRA,ESTRUCTURA,NOMINA,NOMINA OBREROS,TRANSFERENCIA BANCARIA,USD,1,3587,3587,3587,0,15,538.05,4125.049999999999,DIMAQUINAS C.A.,RANCHO FLAMBOYANT,1000,743,,
GASTO,PAGADO,2026-04-30,2026-04,2026-S18,EQUIPOS,ESTRUCTURA,CASA INTELIGENTE,ALQUILER ROTOMARTILLO (1),TRANSFERENCIA BANCARIA,USD,1,180,180,180,0,15,27,206.99999999999997,DIMAQUINAS C.A.,RANCHO FLAMBOYANT,1000,743,,
GASTO,PAGADO,2026-04-30,2026-04,2026-S18,EQUIPOS,ESTRUCTURA,CASA INTELIGENTE,ALQUILER ANDAMIOS ESTRUCTURALES,TRANSFERENCIA BANCARIA,USD,1,192,192,192,0,15,28.799999999999997,220.79999999999998,DIMAQUINAS C.A.,RANCHO FLAMBOYANT,1000,743,,
GASTO,PAGADO,2026-04-30,2026-04,2026-S18,MATERIALES,ALBAÑILERIA,LA TIENDA DEL PINTOR,"ALAMBRE, PASTA, GUANTES Y ESPATULAS",TRANSFERENCIA BANCARIA,USD,1,378.76,378.76,378.76,0,15,56.814,435.57399999999996,DIMAQUINAS C.A.,RANCHO FLAMBOYANT,1000,743,,
GASTO,PAGADO,2026-04-30,2026-04,2026-S18,CONTRATISTA,ESTRUCTURA DE MADERA,MARYEXCI OROPEZA,ABONO MURO CICLOPEO Y ESTRUCTURA DE MADERA,TRANSFERENCIA BANCARIA,USD,1,2500,2500,2500,0,15,375,2875,DIMAQUINAS C.A.,RANCHO FLAMBOYANT,1000,743,,
GASTO,PAGADO,2026-04-30,2026-04,2026-S18,TRANSPORTE,ESTRUCTURA,LUIS GERARDO,"8 VIAJES ESCOMBROS, 2 AREANA Y PIEDRA, 11 TIERRA NEGRA",TRANSFERENCIA BANCARIA,USD,1,695,695,695,0,15,104.25,799.2499999999999,DIMAQUINAS C.A.,RANCHO FLAMBOYANT,1000,743,,
GASTO,PAGADO,2026-04-30,2026-04,2026-S18,INSUMOS,ESTRUCTURA,SERVICIOS H2O,AGUA Y HIELO,TRANSFERENCIA BANCARIA,USD,1,160,160,160,0,15,24,184,DIMAQUINAS C.A.,RANCHO FLAMBOYANT,1000,743,,
GASTO,PAGADO,2026-04-30,2026-04,2026-S18,CONTRATISTA,ELECTRICIDAD,BERNARDO CUERVO,TRABAJOS DE ELECTRICIDAD,TRANSFERENCIA BANCARIA,USD,1,400,400,400,0,15,60,459.99999999999994,DIMAQUINAS C.A.,RANCHO FLAMBOYANT,1000,743,,
GASTO,PAGADO,2026-04-30,2026-04,2026-S18,CONTRATISTA,PISCINA,ASDRUBAL CAMPOS,FRISO PISCINA,TRANSFERENCIA BANCARIA,USD,1,300,300,300,0,15,45,345,DIMAQUINAS C.A.,RANCHO FLAMBOYANT,1000,743,,
GASTO,PAGADO,2026-04-30,2026-04,2026-S18,MANO DE OBRA,ESTRUCTURA,NOMINA,LIQUIDACION 4 OBREROS,TRANSFERENCIA BANCARIA,USD,1,740,740,740,0,15,111,850.9999999999999,DIMAQUINAS C.A.,RANCHO FLAMBOYANT,1000,743,,
GASTO,PAGADO,2026-04-30,2026-04,2026-S18,MATERIALES,ESTRUCTURA,ACROPOLIS,"CLAVOS, REDUCCION, SILICON, NYLON, DISCO DE CORTE",TRANSFERENCIA BANCARIA,USD,1,130.8,130.8,130.8,0,15,19.62,150.42,DIMAQUINAS C.A.,RANCHO FLAMBOYANT,1000,743,,
GASTO,PAGADO,2026-04-06,2026-04,2026-S15,MATERIALES,PLOMERIA,DISTUPECA,"TUBERIA AGUAS BLANCAS ESLECTRICAS, CONEXIONES",TRANSFERENCIA BANCARIA,USD,1,623,623,623,0,15,93.45,716.4499999999999,DIMAQUINAS C.A.,RANCHO FLAMBOYANT,1000,743,,
GASTO,PAGADO,2026-04-30,2026-04,2026-S18,MATERIALES,ESTRUCTURA,AV. INGENIERIA,"5 PAILAS DE INHIBIOX, PLASTIAV (100 LT INHIBIOX, 100 LTS PLASTI AV",TRANSFERENCIA BANCARIA,USD,1,2900,2900,2900,0,15,435,3334.9999999999995,DIMAQUINAS C.A.,RANCHO FLAMBOYANT,1000,743,,
GASTO,PAGADO,2026-04-30,2026-04,2026-S18,MATERIALES,ALBAÑILERIA,LUIS VELASQUEZ,2 CAMIONES DE AGUA,TRANSFERENCIA BANCARIA,USD,1,60,60,60,0,15,9,69,DIMAQUINAS C.A.,RANCHO FLAMBOYANT,1000,743,,
GASTO,PAGADO,2026-04-06,2026-04,2026-S15,MATERIALES,ALBAÑILERIA,PR DE LAS ANTILLAS,"PEGO, MALLA NE 1409-1410",TRANSFERENCIA BANCARIA,USD,1,93,93,93,0,15,13.95,106.94999999999999,DIMAQUINAS C.A.,RANCHO FLAMBOYANT,1000,743,,
GASTO,PAGADO,2026-04-30,2026-04,2026-S18,EQUIPOS,ESTRUCTURA DE MADERA,DIMAQUINAS,ALQUILER ANDAMIOS (12 TORRES MAS PUNTALES),TRANSFERENCIA BANCARIA,USD,1,285,285,285,0,15,42.75,327.75,DIMAQUINAS C.A.,RANCHO FLAMBOYANT,1000,743,,
GASTO,PAGADO,2026-04-30,2026-04,2026-S18,EQUIPOS,ALBAÑILERIA,DIMAQUINAS,ALQUILER CAMION,TRANSFERENCIA BANCARIA,USD,1,200,200,200,0,15,30,229.99999999999997,DIMAQUINAS C.A.,RANCHO FLAMBOYANT,1000,743,,
GASTO,PAGADO,2026-04-30,2026-04,2026-S18,EQUIPOS,MURO CICLOPEO,DIMAQUINAS,ALQUILER RETROEXCAVADORA,TRANSFERENCIA BANCARIA,USD,1,700,700,700,0,15,105,804.9999999999999,DIMAQUINAS C.A.,RANCHO FLAMBOYANT,1000,743,,
GASTO,PAGADO,2026-04-30,2026-04,2026-S18,EQUIPOS,MURO CICLOPEO,DIMAQUINAS,FIORI 10 M3,TRANSFERENCIA BANCARIA,USD,1,300,300,300,0,15,45,345,DIMAQUINAS C.A.,RANCHO FLAMBOYANT,1000,743,,
GASTO,PAGADO,2026-04-30,2026-04,2026-S18,MATERIALES,ESTRUCTURA,DIMAQUINAS,21 M3 PIEDRA PICADA,TRANSFERENCIA BANCARIA,USD,1,819,819,819,0,15,122.85,941.8499999999999,DIMAQUINAS C.A.,RANCHO FLAMBOYANT,1000,743,,
GASTO,PAGADO,2026-04-30,2026-04,2026-S18,EQUIPOS,ESTRUCTURA,DIMAQUINAS,ALQUILER ENCOFRADOS 80 DE 1X0.40+20 DE 40*2.4+50M2 DE LAMINAS,TRANSFERENCIA BANCARIA,USD,1,930,930,930,0,15,139.5,1069.5,DIMAQUINAS C.A.,RANCHO FLAMBOYANT,1000,743,,
GASTO,PAGADO,2026-04-30,2026-04,2026-S18,MATERIALES,MURO CICLOPEO,TOMAS CANTERA,16 M3 ARENA FINA,TRANSFERENCIA BANCARIA,USD,1,420,420,420,0,15,63,482.99999999999994,DIMAQUINAS C.A.,RANCHO FLAMBOYANT,1000,743,,
GASTO,PAGADO,2026-04-30,2026-04,2026-S18,MATERIALES,ALBAÑILERIA,BLOQUERA AR,1000 BLOQUES DE CONCRETO DE 10 CM,TRANSFERENCIA BANCARIA,USD,1,600,600,600,0,15,90,690,DIMAQUINAS C.A.,RANCHO FLAMBOYANT,1000,743,,
GASTO,PAGADO,2026-04-30,2026-04,2026-S18,EQUIPOS,ESTRUCTURA,DIMAQUINAS,ALQUILER RANA COMPACTADORA 3 DIAS,TRANSFERENCIA BANCARIA,USD,1,150,150,150,0,15,22.5,172.5,DIMAQUINAS C.A.,RANCHO FLAMBOYANT,1000,743,,
GASTO,PAGADO,2026-05-08,2026-05,2026-S19,MANO DE OBRA,ALBAÑILERIA,NOMINA,NOMINA OBREROS FLAMBOYANT de 04/05/2026 al 08/05/2026,TRANSFERENCIA BANCARIA,USD,1,3555,3555,3555,0,15,533.25,4088.2499999999995,DIMAQUINAS C.A.,RANCHO FLAMBOYANT,1000,743,,
GASTO,PAGADO,2026-05-08,2026-05,2026-S19,MANO DE OBRA,ESTRUCTURA,NOMINA,LIQUIDACION OBREROS (5 OBREROS),TRANSFERENCIA BANCARIA,USD,1,790,790,790,0,15,118.5,908.4999999999999,DIMAQUINAS C.A.,RANCHO FLAMBOYANT,1000,743,,
GASTO,PAGADO,2026-05-08,2026-05,2026-S19,MANO DE OBRA,ESTRUCTURA DE MADERA,MARYEXCI OROPEZA,ABONO ESTRUCTURAS DE MADERA Y MURO CICLOPEO,TRANSFERENCIA BANCARIA,USD,1,3000,3000,3000,0,15,450,3449.9999999999995,DIMAQUINAS C.A.,RANCHO FLAMBOYANT,1000,743,,
GASTO,PAGADO,2026-05-08,2026-05,2026-S19,MANO DE OBRA,ELECTRICIDAD,BERNARDO CUERVO,ABONO MANO DE OBRA PLOMERIA Y ELECTRICIDAD,TRANSFERENCIA BANCARIA,USD,1,400,400,400,0,15,60,459.99999999999994,DIMAQUINAS C.A.,RANCHO FLAMBOYANT,1000,743,,
GASTO,PAGADO,2026-05-08,2026-05,2026-S19,EQUIPOS,ESTRUCTURA,CASA INTELIGENTE,ALQUILER DE MAQUINARIAS ROTOMARTILLO (1),TRANSFERENCIA BANCARIA,USD,1,180,180,180,0,15,27,206.99999999999997,DIMAQUINAS C.A.,RANCHO FLAMBOYANT,1000,743,,
GASTO,PAGADO,2026-05-08,2026-05,2026-S19,EQUIPOS,ALBAÑILERIA,CASA INTELIGENTE,ALQUILER DE ANDAMIOS,TRANSFERENCIA BANCARIA,USD,1,192,192,192,0,15,28.799999999999997,220.79999999999998,DIMAQUINAS C.A.,RANCHO FLAMBOYANT,1000,743,,
GASTO,PAGADO,2026-05-08,2026-05,2026-S19,TRANSPORTE,ALBAÑILERIA,LUIS GERARDO,14 VIAJES DE ESCOMBROS 2 VIAJES DE PIEDRA PICADA,TRANSFERENCIA BANCARIA,USD,1,660,660,660,0,15,99,758.9999999999999,DIMAQUINAS C.A.,RANCHO FLAMBOYANT,1000,743,,
GASTO,PAGADO,2026-05-08,2026-05,2026-S19,INSUMOS,ESTRUCTURA,SERVICIOS H2O,"SERVICIOS DE ENTREGA DE AGUA Y HIELO, 51 HIELO + 39 AGUA",TRANSFERENCIA BANCARIA,USD,1,130.8,130.8,130.8,0,15,19.62,150.42,DIMAQUINAS C.A.,RANCHO FLAMBOYANT,1000,743,,
GASTO,PAGADO,2026-05-08,2026-05,2026-S19,MATERIALES,ESTRUCTURA,ACROPOLIS,"25 K DE CLAVOS +40 ROLLO DE ALAMBRE, LLANA. CEGUETA, CEPILLO",TRANSFERENCIA BANCARIA,USD,1,383.8,383.8,383.8,0,15,57.57,441.37,DIMAQUINAS C.A.,RANCHO FLAMBOYANT,1000,743,,
GASTO,PAGADO,2026-05-08,2026-05,2026-S19,MATERIALES,ESTRUCTURA,BLOQUERA AR,2000 BLOQUES GRISES DE 10 CM y 2000 de 15CM,TRANSFERENCIA BANCARIA,USD,1,2600,2600,2600,0,15,390,2989.9999999999995,DIMAQUINAS C.A.,RANCHO FLAMBOYANT,1000,743,,
GASTO,PAGADO,2026-05-08,2026-05,2026-S19,MATERIALES,MURO CICLOPEO,DANIEL VALDERRAMA,5 PALETAS DE CEMENTO (240 SACOS),TRANSFERENCIA BANCARIA,USD,1,3000,3000,3000,0,15,450,3449.9999999999995,DIMAQUINAS C.A.,RANCHO FLAMBOYANT,1000,743,,
GASTO,PAGADO,2026-05-08,2026-05,2026-S19,MATERIALES,ESTRUCTURA,ILDEMARO SALAZAR,16 MTS DE AREANA LAVADA DE MATURIN,TRANSFERENCIA BANCARIA,USD,1,1600,1600,1600,0,15,240,1839.9999999999998,DIMAQUINAS C.A.,RANCHO FLAMBOYANT,1000,743,,
GASTO,PAGADO,2026-05-08,2026-05,2026-S19,MATERIALES,ESTRUCTURA DE MADERA,HERNAN TINEO,VIGAS DE MADERA REFUERZO LOSA  MODULO A,TRANSFERENCIA BANCARIA,USD,1,512,512,512,0,15,76.8,588.8,DIMAQUINAS C.A.,RANCHO FLAMBOYANT,1000,743,,
GASTO,PAGADO,2026-05-08,2026-05,2026-S19,MATERIALES,PLOMERIA,DISTUPECA,TUBERIA DE ELECTRICIDADA Y PLOMERIA  COT. 04260,TRANSFERENCIA BANCARIA,USD,1,682,682,682,0,15,102.3,784.3,DIMAQUINAS C.A.,RANCHO FLAMBOYANT,1000,743,,
GASTO,PAGADO,2026-05-08,2026-05,2026-S19,MATERIALES,ALBAÑILERIA,PRISCA CA,"3 BOBINAS KRAFT MARRON, PARA BASE DE MORTERO EN TECHO MODULO A",TRANSFERENCIA BANCARIA,USD,1,306,306,306,0,15,45.9,351.9,DIMAQUINAS C.A.,RANCHO FLAMBOYANT,1000,743,,
GASTO,PAGADO,2026-05-08,2026-05,2026-S19,CONTRATISTA,PISCINA,FRANCISCO PISCINAS,"COMPRA DE TUBERIAS PISCINA OBRA, ABONO A PRESUPUESTO PISCINA MODULO C",TRANSFERENCIA BANCARIA,USD,1,1000,1000,1000,0,15,150,1150,DIMAQUINAS C.A.,RANCHO FLAMBOYANT,1000,743,,
GASTO,PAGADO,2026-05-08,2026-05,2026-S19,EQUIPOS,ESTRUCTURA DE MADERA,DIMAQUINAS,ALQUILER DE ANDAMIOS (6 torres mas puntales),TRANSFERENCIA BANCARIA,USD,1,142.5,142.5,142.5,0,15,21.375,163.875,DIMAQUINAS C.A.,RANCHO FLAMBOYANT,1000,743,,
GASTO,PAGADO,2026-05-08,2026-05,2026-S19,EQUIPOS,ALBAÑILERIA,DIMAQUINAS,ALQUILER DE CAMION,TRANSFERENCIA BANCARIA,USD,1,200,200,200,0,15,30,229.99999999999997,DIMAQUINAS C.A.,RANCHO FLAMBOYANT,1000,743,,
GASTO,PAGADO,2026-05-08,2026-05,2026-S19,EQUIPOS,ESTRUCTURA,DIMAQUINAS,ALQUILER DE MAQUINAS RETRO EXCAVADORA,TRANSFERENCIA BANCARIA,USD,1,700,700,700,0,15,105,804.9999999999999,DIMAQUINAS C.A.,RANCHO FLAMBOYANT,1000,743,,
GASTO,PAGADO,2026-05-08,2026-05,2026-S19,EQUIPOS,MURO CICLOPEO,DIMAQUINAS,"FIORI  1,5M3",TRANSFERENCIA BANCARIA,USD,1,60,60,60,0,15,9,69,DIMAQUINAS C.A.,RANCHO FLAMBOYANT,1000,743,,
GASTO,PAGADO,2026-05-08,2026-05,2026-S19,EQUIPOS,ESTRUCTURA,DIMAQUINAS,"ALQUILER DE ENCOFRADOS((80 LAMINAS DE 1,00*,40) + (20 DE ,40 X2,40)+50 M2 DE LAMINAS",TRANSFERENCIA BANCARIA,USD,1,930,930,930,0,15,139.5,1069.5,DIMAQUINAS C.A.,RANCHO FLAMBOYANT,1000,743,,
GASTO,PAGADO,2026-05-08,2026-05,2026-S19,MATERIALES,ESTRUCTURA DE MADERA,EULOGIO,12500 TEJAS ENVEJECIDAS,TRANSFERENCIA BANCARIA,USD,1,4750,4750,4750,0,15,712.5,5462.5,DIMAQUINAS C.A.,RANCHO FLAMBOYANT,1000,743,,
GASTO,PAGADO,2026-05-08,2026-05,2026-S19,MATERIALES,ESTRUCTURA DE MADERA,DIMAQUINAS,9 ROLLOS DE MANTO,TRANSFERENCIA BANCARIA,USD,1,513,513,513,0,15,76.95,589.9499999999999,DIMAQUINAS C.A.,RANCHO FLAMBOYANT,1000,743,,
GASTO,PAGADO,2026-05-08,2026-05,2026-S19,MATERIALES,ESTRUCTURA,DIMAQUINAS,21M3 RELLENO MEJORADO,TRANSFERENCIA BANCARIA,USD,1,168,168,168,0,15,25.2,193.2,DIMAQUINAS C.A.,RANCHO FLAMBOYANT,1000,743,,
PRESUPUESTO,N/A,2026-04-11,N/A,N/A,PRESUPUESTO,PROYECTO,N/A,Presupuesto,N/A,USD,1,10000,10000,10000,0,0,0,10000,DIMAQUINAS C.A.,RANCHO FLAMBOYANT,1000,743,,
PRESUPUESTO,N/A,2026-04-22,N/A,N/A,PRESUPUESTO,MURO CICLOPEO,N/A,Presupuesto,N/A,USD,1,65000,65000,65000,0,0,0,65000,DIMAQUINAS C.A.,RANCHO FLAMBOYANT,1000,743,,
PRESUPUESTO,N/A,2026-04-22,N/A,N/A,PRESUPUESTO,ELECTRICIDAD,N/A,Presupuesto,N/A,USD,1,60000,60000,60000,0,0,0,60000,DIMAQUINAS C.A.,RANCHO FLAMBOYANT,1000,743,,
PRESUPUESTO,N/A,2026-04-22,N/A,N/A,PRESUPUESTO,INTERNET Y CAMARAS,N/A,Presupuesto,N/A,USD,1,20000,20000,20000,0,0,0,20000,DIMAQUINAS C.A.,RANCHO FLAMBOYANT,1000,743,,
PRESUPUESTO,N/A,2026-04-22,N/A,N/A,PRESUPUESTO,POZO DE AGUA,N/A,Presupuesto,N/A,USD,1,22000,22000,22000,0,0,0,22000,DIMAQUINAS C.A.,RANCHO FLAMBOYANT,1000,743,,
PRESUPUESTO,N/A,2026-04-22,N/A,N/A,PRESUPUESTO,ESTRUCTURA DE MADERA,N/A,Presupuesto,N/A,USD,1,88000,88000,88000,0,0,0,88000,DIMAQUINAS C.A.,RANCHO FLAMBOYANT,1000,743,,
PRESUPUESTO,N/A,2026-04-22,N/A,N/A,PRESUPUESTO,PISCINA,N/A,Presupuesto,N/A,USD,1,35000,35000,35000,0,0,0,35000,DIMAQUINAS C.A.,RANCHO FLAMBOYANT,1000,743,,
PRESUPUESTO,N/A,2026-05-14,N/A,N/A,PRESUPUESTO,DEMOLICION,N/A,Presupuesto,N/A,USD,1,28000,28000,28000,0,0,0,28000,DIMAQUINAS C.A.,RANCHO FLAMBOYANT,1000,743,,
PRESUPUESTO,N/A,2026-05-14,N/A,N/A,PRESUPUESTO,ALBAÑILERIA,N/A,Presupuesto,N/A,USD,1,150000,150000,150000,0,0,0,150000,DIMAQUINAS C.A.,RANCHO FLAMBOYANT,1000,743,,
PRESUPUESTO,N/A,2026-05-14,N/A,N/A,PRESUPUESTO,ESTRUCTURA,N/A,Presupuesto,N/A,USD,1,250000,250000,250000,0,0,0,250000,DIMAQUINAS C.A.,RANCHO FLAMBOYANT,1000,743,,
PRESUPUESTO,N/A,2026-05-14,N/A,N/A,PRESUPUESTO,PLOMERIA,N/A,Presupuesto,N/A,USD,1,30000,30000,30000,0,0,0,30000,DIMAQUINAS C.A.,RANCHO FLAMBOYANT,1000,743,,
CONTRATO,N/A,2026-02-09,N/A,N/A,CONTRATO,N/A,MARYEXCI OROPEZA,FUMIGACION,N/A,USD,1,1800,1800,0,1800,0,0,1800,DIMAQUINAS C.A.,RANCHO FLAMBOYANT,1000,743,,
CONTRATO,N/A,2026-02-09,N/A,N/A,CONTRATO,N/A,MARYEXCI OROPEZA,ESTRUCTURA MODULO B,N/A,USD,1,5851,5851,0,5851,0,0,5851,DIMAQUINAS C.A.,RANCHO FLAMBOYANT,1000,743,,
CONTRATO,N/A,2026-02-16,N/A,N/A,CONTRATO,N/A,MARYEXCI OROPEZA,REPARACION MURO CICLOPEO,N/A,USD,1,6525,6525,0,6525,0,0,6525,DIMAQUINAS C.A.,RANCHO FLAMBOYANT,1000,743,,
CONTRATO,N/A,2026-03-11,N/A,N/A,CONTRATO,N/A,MARYEXCI OROPEZA,ADICIONAL REPARACION MURO CICLOPEO,N/A,USD,1,1300,1300,0,1300,0,0,1300,DIMAQUINAS C.A.,RANCHO FLAMBOYANT,1000,743,,
CONTRATO,N/A,2026-03-11,N/A,N/A,CONTRATO,N/A,MARYEXCI OROPEZA,LIMPIEZA DE MATAS,N/A,USD,1,150,150,0,150,0,0,150,DIMAQUINAS C.A.,RANCHO FLAMBOYANT,1000,743,,
CONTRATO,N/A,2026-04-06,N/A,N/A,CONTRATO,N/A,MARYEXCI OROPEZA,COLOCACION MANTO Y TEJAS MODULO B 144M2X13$,N/A,USD,1,1872,1872,0,1872,0,0,1872,DIMAQUINAS C.A.,RANCHO FLAMBOYANT,1000,743,,
CONTRATO,N/A,2026-04-06,N/A,N/A,CONTRATO,N/A,MARYEXCI OROPEZA,REPARACION MURO CICLOPEO ETAPA 2 184M3X30$,N/A,USD,1,5520,5520,0,5520,0,0,5520,DIMAQUINAS C.A.,RANCHO FLAMBOYANT,1000,743,,
CONTRATO,N/A,2026-04-06,N/A,N/A,CONTRATO,N/A,MARYEXCI OROPEZA,TRABAJO ESTRUCTURA MURO MODULO A,N/A,USD,1,15717,15717,0,15717,0,0,15717,DIMAQUINAS C.A.,RANCHO FLAMBOYANT,1000,743,,
CONTRATO,N/A,2026-03-11,N/A,N/A,CONTRATO,N/A,BERNARDO CUERVO,ELECTRICIDAD Y PLOMERIA MODULO B,N/A,USD,1,1162,1162,0,1162,0,0,1162,DIMAQUINAS C.A.,RANCHO FLAMBOYANT,1000,743,,
CONTRATO,N/A,2026-03-11,N/A,N/A,CONTRATO,N/A,FRANCISCO PISCINAS,REPARACION PISCINA EXISTENTE,N/A,USD,1,2650,2650,0,2650,0,0,2650,DIMAQUINAS C.A.,RANCHO FLAMBOYANT,1000,743,,
CONTRATO,N/A,2026-05-07,N/A,N/A,CONTRATO,N/A,MARYEXCI OROPEZA,MURO CICLOPEO ETAPA 2 (120M3X40),N/A,USD,1,4800,4800,0,4800,0,0,4800,DIMAQUINAS C.A.,RANCHO FLAMBOYANT,1000,743,,